Workbook

Sheet Tenancies Per Unit
A1: Unit id | B1: Unit Name | C1: Tenancy id | D1: Start Date | E1: End Date | F1: PMS Reference | G1: Status | H1: Tenancy Status | I1: Tenancy Version | J1: Last Modified Date | K1: Tenancy Frequency | L1: Tenancy Count | M1: Group
A2: a1G4J0000025tqLUAQ | B2: =VLOOKUP(C2, Mappings!F:G, 2, FALSE) -> 6, Fernside Court, Holders Hill Road, Hendon, | C2: 800Pv00000GEoKCIA1 | D2: =VLOOKUP(C2, Mappings!K:L, 2, FALSE) -> 43707 | E2: =VLOOKUP(C2, Mappings!N:O, 2, FALSE) -> 106894 | F2: =VLOOKUP(C2, Mappings!A:B, 2, FALSE) -> 103734021004 | G2: Activated | H2: Current | I2: Current | J2: 2025-04-29T14:11:59.000+0000 | K2: Duplicate | L2: 3 | M2: {=MATCH(A2, _xlfn.UNIQUE(_xlfn._xlws.FILTER(A:A, A:A<>"")), 0)} -> 2
A3: a1G4J0000025tqLUAQ | B3: =VLOOKUP(C3, Mappings!F:G, 2, FALSE) -> 6, Fernside Court, Holders Hill Road, Hendon, | C3: 800Pv00000Fsyg6IAB | D3: =VLOOKUP(C3, Mappings!K:L, 2, FALSE) -> 45778 | E3: =VLOOKUP(C3, Mappings!N:O, 2, FALSE) -> 46507 | F3: =VLOOKUP(C3, Mappings!A:B, 2, FALSE) -> pmsuatsmoke | G3: Draft | H3: Ended | I3: Old | J3: 2025-04-29T13:10:06.000+0000 | K3: Duplicate | L3: 3 | M3: {=MATCH(A3, _xlfn.UNIQUE(_xlfn._xlws.FILTER(A:A, A:A<>"")), 0)} -> 2
A4: a1G4J0000025tqLUAQ | B4: =VLOOKUP(C4, Mappings!F:G, 2, FALSE) -> 6, Fernside Court, Holders Hill Road, Hendon, | C4: 800Pv00000G4jS4IAJ | D4: =VLOOKUP(C4, Mappings!K:L, 2, FALSE) -> 45778 | E4: =VLOOKUP(C4, Mappings!N:O, 2, FALSE) -> 46507 | F4: =VLOOKUP(C4, Mappings!A:B, 2, FALSE) -> sdfghu565432 | G4: Draft | H4: Ended | I4: Old | J4: 2025-04-15T12:23:46.000+0000 | K4: Duplicate | L4: 3 | M4: {=MATCH(A4, _xlfn.UNIQUE(_xlfn._xlws.FILTER(A:A, A:A<>"")), 0)} -> 2
A5: a1G4J0000025tVtUAI | B5: =VLOOKUP(C5, Mappings!F:G, 2, FALSE) -> 75, Victoria Court, Southport, Merseyside | C5: 800Pv00000G4x0LIAR | F5: =VLOOKUP(C5, Mappings!A:B, 2, FALSE) -> 103336078001 | G5: Activated | H5: Current | I5: Current | J5: 2025-04-29T14:14:04.000+0000 | K5: Duplicate | L5: 2 | M5: {=MATCH(A5, _xlfn.UNIQUE(_xlfn._xlws.FILTER(A:A, A:A<>"")), 0)} -> 3
A6: a1G4J0000025tVtUAI | B6: =VLOOKUP(C6, Mappings!F:G, 2, FALSE) -> 75, Victoria Court, Southport, Merseyside | C6: 800Pv00000GEodVIAT | D6: =VLOOKUP(C6, Mappings!K:L, 2, FALSE) -> 28665 | F6: =VLOOKUP(C6, Mappings!A:B, 2, FALSE) -> 103336078002 | G6: Draft | H6: Ended | I6: Old | J6: 2025-04-22T18:41:28.000+0000 | K6: Duplicate | L6: 2 | M6: {=MATCH(A6, _xlfn.UNIQUE(_xlfn._xlws.FILTER(A:A, A:A<>"")), 0)} -> 3
A7: a1G4J0000025u8DUAQ | B7: =VLOOKUP(C7, Mappings!F:G, 2, FALSE) -> 86, Clementina Road, Leyton, London | C7: 800Pv00000GF0HIIA1 | D7: =VLOOKUP(C7, Mappings!K:L, 2, FALSE) -> 30857 | E7: =VLOOKUP(C7, Mappings!N:O, 2, FALSE) -> 76511 | F7: =VLOOKUP(C7, Mappings!A:B, 2, FALSE) -> 104566001003 | G7: Activated | H7: Current | I7: Current | J7: 2025-04-29T14:14:10.000+0000 | K7: Duplicate | L7: 2 | M7: {=MATCH(A7, _xlfn.UNIQUE(_xlfn._xlws.FILTER(A:A, A:A<>"")), 0)} -> 4
A8: a1G4J0000025u8DUAQ | B8: =VLOOKUP(C8, Mappings!F:G, 2, FALSE) -> 86, Clementina Road, Leyton, London | C8: 800Pv00000G4x0MIAR | D8: =VLOOKUP(C8, Mappings!K:L, 2, FALSE) -> 45280 | F8: =VLOOKUP(C8, Mappings!A:B, 2, FALSE) -> 104566001002 | G8: Draft | H8: Ended | I8: Old | J8: 2025-04-15T14:27:12.000+0000 | K8: Duplicate | L8: 2 | M8: {=MATCH(A8, _xlfn.UNIQUE(_xlfn._xlws.FILTER(A:A, A:A<>"")), 0)} -> 4
A9: a1G4J0000025uErUAI | B9: =VLOOKUP(C9, Mappings!F:G, 2, FALSE) -> 12, Chelsea Close, Hampton Hill, Middlesex | C9: 800Pv00000GOv7DIAT | D9: =VLOOKUP(C9, Mappings!K:L, 2, FALSE) -> 40351 | E9: =VLOOKUP(C9, Mappings!N:O, 2, FALSE) -> 86005 | F9: =VLOOKUP(C9, Mappings!A:B, 2, FALSE) -> 104350004005 | G9: Activated | H9: Current | I9: Current | J9: 2025-04-29T14:14:11.000+0000 | K9: Duplicate | L9: 2 | M9: {=MATCH(A9, _xlfn.UNIQUE(_xlfn._xlws.FILTER(A:A, A:A<>"")), 0)} -> 5
A10: a1G4J0000025uErUAI | B10: =VLOOKUP(C10, Mappings!F:G, 2, FALSE) -> 12, Chelsea Close, Hampton Hill, Middlesex | C10: 800Pv00000G4x0OIAR | D10: =VLOOKUP(C10, Mappings!K:L, 2, FALSE) -> 45345 | F10: =VLOOKUP(C10, Mappings!A:B, 2, FALSE) -> 104350004004 | G10: Draft | H10: Ended | I10: Old | J10: 2025-04-22T18:41:28.000+0000 | K10: Duplicate | L10: 2 | M10: {=MATCH(A10, _xlfn.UNIQUE(_xlfn._xlws.FILTER(A:A, A:A<>"")), 0)} -> 5
A11: a1G4J0000025wRDUAY | B11: =VLOOKUP(C11, Mappings!F:G, 2, FALSE) -> 140a, Tanfield Avenue, Neasden, London | C11: 800Pv00000GF0JNIA1 | D11: =VLOOKUP(C11, Mappings!K:L, 2, FALSE) -> 36067 | E11: =VLOOKUP(C11, Mappings!N:O, 2, FALSE) -> 72226 | F11: =VLOOKUP(C11, Mappings!A:B, 2, FALSE) -> 114947002002 | G11: Activated | H11: Current | I11: Current | J11: 2025-04-29T14:11:59.000+0000 | K11: Duplicate | L11: 4 | M11: {=MATCH(A11, _xlfn.UNIQUE(_xlfn._xlws.FILTER(A:A, A:A<>"")), 0)} -> 6
A12: a1G4J0000025wRDUAY | B12: =VLOOKUP(C12, Mappings!F:G, 2, FALSE) -> 140a, Tanfield Avenue, Neasden, London | C12: 800Pv00000G4iMLIAZ | D12: =VLOOKUP(C12, Mappings!K:L, 2, FALSE) -> 45778 | E12: =VLOOKUP(C12, Mappings!N:O, 2, FALSE) -> 46507 | F12: =VLOOKUP(C12, Mappings!A:B, 2, FALSE) -> pms128999 | G12: Draft | H12: Ended | I12: Old | J12: 2025-04-15T12:10:00.000+0000 | K12: Duplicate | L12: 4 | M12: {=MATCH(A12, _xlfn.UNIQUE(_xlfn._xlws.FILTER(A:A, A:A<>"")), 0)} -> 6
A13: a1G4J0000025wRDUAY | B13: =VLOOKUP(C13, Mappings!F:G, 2, FALSE) -> 140a, Tanfield Avenue, Neasden, London | C13: 800Pv00000G4sLcIAJ | D13: =VLOOKUP(C13, Mappings!K:L, 2, FALSE) -> 45778 | E13: =VLOOKUP(C13, Mappings!N:O, 2, FALSE) -> 46507 | F13: =VLOOKUP(C13, Mappings!A:B, 2, FALSE) -> 566576ujhgbv | G13: Draft | H13: Ended | I13: Old | J13: 2025-04-15T12:32:41.000+0000 | K13: Duplicate | L13: 4 | M13: {=MATCH(A13, _xlfn.UNIQUE(_xlfn._xlws.FILTER(A:A, A:A<>"")), 0)} -> 6
A14: a1G4J0000025wRDUAY | B14: =VLOOKUP(C14, Mappings!F:G, 2, FALSE) -> 140a, Tanfield Avenue, Neasden, London | C14: 800Pv00000G4zJqIAJ | D14: =VLOOKUP(C14, Mappings!K:L, 2, FALSE) -> 45778 | E14: =VLOOKUP(C14, Mappings!N:O, 2, FALSE) -> 46507 | F14: =VLOOKUP(C14, Mappings!A:B, 2, FALSE) -> 245364uyjhngbfdgwr | G14: Draft | H14: Ended | I14: Old | J14: 2025-04-15T12:43:09.000+0000 | K14: Duplicate | L14: 4 | M14: {=MATCH(A14, _xlfn.UNIQUE(_xlfn._xlws.FILTER(A:A, A:A<>"")), 0)} -> 6
A15: a1G4J0000025wy1UAA | B15: =VLOOKUP(C15, Mappings!F:G, 2, FALSE) -> 1 Woodward House, Waterlooville, PO7 3BP | C15: 800Pv00000GF1rZIAT | D15: =VLOOKUP(C15, Mappings!K:L, 2, FALSE) -> 45715 | E15: =VLOOKUP(C15, Mappings!N:O, 2, FALSE) -> 48635 | F15: =VLOOKUP(C15, Mappings!A:B, 2, FALSE) -> 222584001005 | G15: Activated | H15: Current | I15: Current | J15: 2025-04-29T14:14:41.000+0000 | K15: Duplicate | L15: 2 | M15: {=MATCH(A15, _xlfn.UNIQUE(_xlfn._xlws.FILTER(A:A, A:A<>"")), 0)} -> 7
A16: a1G4J0000025wy1UAA | B16: =VLOOKUP(C16, Mappings!F:G, 2, FALSE) -> 1 Woodward House, Waterlooville, PO7 3BP | C16: 800Pv00000G4x0YIAR | D16: =VLOOKUP(C16, Mappings!K:L, 2, FALSE) -> 45426 | F16: =VLOOKUP(C16, Mappings!A:B, 2, FALSE) -> 222584001004 | G16: Draft | H16: Ended | I16: Old | J16: 2025-04-15T14:27:12.000+0000 | K16: Duplicate | L16: 2 | M16: {=MATCH(A16, _xlfn.UNIQUE(_xlfn._xlws.FILTER(A:A, A:A<>"")), 0)} -> 7
A17: a1G4J0000025x0wUAA | B17: =VLOOKUP(C17, Mappings!F:G, 2, FALSE) -> Apt 107, Abbeville Apts, 37 London Rd, Barkin | C17: 800Pv00000GF1rdIAD | D17: =VLOOKUP(C17, Mappings!K:L, 2, FALSE) -> 45471 | E17: =VLOOKUP(C17, Mappings!N:O, 2, FALSE) -> 46200 | F17: =VLOOKUP(C17, Mappings!A:B, 2, FALSE) -> 122486009005 | G17: Activated | H17: Current | I17: Current | J17: 2025-04-29T14:11:58.000+0000 | K17: Duplicate | L17: 2 | M17: {=MATCH(A17, _xlfn.UNIQUE(_xlfn._xlws.FILTER(A:A, A:A<>"")), 0)} -> 8
A18: a1G4J0000025x0wUAA | B18: =VLOOKUP(C18, Mappings!F:G, 2, FALSE) -> Apt 107, Abbeville Apts, 37 London Rd, Barkin | C18: 800Pv00000G4x0aIAB | D18: =VLOOKUP(C18, Mappings!K:L, 2, FALSE) -> 45471 | E18: =VLOOKUP(C18, Mappings!N:O, 2, FALSE) -> 46200 | F18: =VLOOKUP(C18, Mappings!A:B, 2, FALSE) -> 122486009004 | G18: Draft | H18: Ended | I18: Old | J18: 2025-04-15T14:26:16.000+0000 | K18: Duplicate | L18: 2 | M18: {=MATCH(A18, _xlfn.UNIQUE(_xlfn._xlws.FILTER(A:A, A:A<>"")), 0)} -> 8
A19: a1G4J0000025x1GUAQ | B19: =VLOOKUP(C19, Mappings!F:G, 2, FALSE) -> Apt 302, Abbeville Apts, 37 London Rd, Barkin | C19: 800Pv00000FzkYUIAZ | D19: =VLOOKUP(C19, Mappings!K:L, 2, FALSE) -> 45240 | E19: =VLOOKUP(C19, Mappings!N:O, 2, FALSE) -> 45605 | F19: =VLOOKUP(C19, Mappings!A:B, 2, FALSE) -> 122486038005 | G19: Activated | H19: Current | I19: Current | J19: 2025-04-29T14:11:58.000+0000 | K19: Duplicate | L19: 2 | M19: {=MATCH(A19, _xlfn.UNIQUE(_xlfn._xlws.FILTER(A:A, A:A<>"")), 0)} -> 9
A20: a1G4J0000025x1GUAQ | B20: =VLOOKUP(C20, Mappings!F:G, 2, FALSE) -> Apt 302, Abbeville Apts, 37 London Rd, Barkin | C20: 800Pv00000GEtDzIAL | D20: =VLOOKUP(C20, Mappings!K:L, 2, FALSE) -> 45240 | E20: =VLOOKUP(C20, Mappings!N:O, 2, FALSE) -> 45605 | F20: =VLOOKUP(C20, Mappings!A:B, 2, FALSE) -> 122486038003 | G20: Draft | H20: Ended | I20: Old | J20: 2025-04-29T13:16:29.000+0000 | K20: Duplicate | L20: 2 | M20: {=MATCH(A20, _xlfn.UNIQUE(_xlfn._xlws.FILTER(A:A, A:A<>"")), 0)} -> 9
A21: a1G4J0000025x6gUAA | B21: =VLOOKUP(C21, Mappings!F:G, 2, FALSE) -> Flat 24, Cooke Place, Block E, Salford, M5 | C21: 800Pv00000G4x0eIAB | D21: =VLOOKUP(C21, Mappings!K:L, 2, FALSE) -> 45728 | E21: =VLOOKUP(C21, Mappings!N:O, 2, FALSE) -> 46095 | F21: =VLOOKUP(C21, Mappings!A:B, 2, FALSE) -> 122601026006 | G21: Activated | H21: Current | I21: Current | J21: 2025-04-29T14:11:58.000+0000 | K21: Duplicate | L21: 2 | M21: {=MATCH(A21, _xlfn.UNIQUE(_xlfn._xlws.FILTER(A:A, A:A<>"")), 0)} -> 10
A22: a1G4J0000025x6gUAA | B22: =VLOOKUP(C22, Mappings!F:G, 2, FALSE) -> Flat 24, Cooke Place, Block E, Salford, M5 | C22: 800Pv00000FHJTrIAP | D22: =VLOOKUP(C22, Mappings!K:L, 2, FALSE) -> 45731 | F22: =VLOOKUP(C22, Mappings!A:B, 2, FALSE) -> 122601026007 | G22: Draft | H22: Ended | I22: Old | J22: 2025-04-09T13:31:35.000+0000 | K22: Duplicate | L22: 2 | M22: {=MATCH(A22, _xlfn.UNIQUE(_xlfn._xlws.FILTER(A:A, A:A<>"")), 0)} -> 10
A23: a1G4J0000025xe1UAA | B23: =VLOOKUP(C23, Mappings!F:G, 2, FALSE) -> 5 Dorrell Apt, Darbyshire Rd, Aldershot, Hant | C23: 800Pv00000GEm71IAD | D23: =VLOOKUP(C23, Mappings!K:L, 2, FALSE) -> 45454 | E23: =VLOOKUP(C23, Mappings!N:O, 2, FALSE) -> 45818 | F23: =VLOOKUP(C23, Mappings!A:B, 2, FALSE) -> 222606005003 | G23: Activated | H23: Current | I23: Current | J23: 2025-04-29T14:12:13.000+0000 | K23: Duplicate | L23: 2 | M23: {=MATCH(A23, _xlfn.UNIQUE(_xlfn._xlws.FILTER(A:A, A:A<>"")), 0)} -> 11
A24: a1G4J0000025xe1UAA | B24: =VLOOKUP(C24, Mappings!F:G, 2, FALSE) -> 5 Dorrell Apt, Darbyshire Rd, Aldershot, Hant | C24: 800Pv00000G4x0nIAB | D24: =VLOOKUP(C24, Mappings!K:L, 2, FALSE) -> 45454 | E24: =VLOOKUP(C24, Mappings!N:O, 2, FALSE) -> 45819 | F24: =VLOOKUP(C24, Mappings!A:B, 2, FALSE) -> 222606005002 | G24: Draft | H24: Ended | I24: Old | J24: 2025-04-15T14:26:17.000+0000 | K24: Duplicate | L24: 2 | M24: {=MATCH(A24, _xlfn.UNIQUE(_xlfn._xlws.FILTER(A:A, A:A<>"")), 0)} -> 11
A25: a1G4J0000025xFhUAI | B25: =VLOOKUP(C25, Mappings!F:G, 2, FALSE) -> 22 Nevinson Way, Waterlooville, Hampshire | C25: 800Pv00000GEqyAIAT | D25: =VLOOKUP(C25, Mappings!K:L, 2, FALSE) -> 43882 | E25: =VLOOKUP(C25, Mappings!N:O, 2, FALSE) -> 46073 | F25: =VLOOKUP(C25, Mappings!A:B, 2, FALSE) -> 127166001004 | G25: Activated | H25: Current | I25: Current | J25: 2025-04-29T14:14:42.000+0000 | K25: Duplicate | L25: 2 | M25: {=MATCH(A25, _xlfn.UNIQUE(_xlfn._xlws.FILTER(A:A, A:A<>"")), 0)} -> 12
A26: a1G4J0000025xFhUAI | B26: =VLOOKUP(C26, Mappings!F:G, 2, FALSE) -> 22 Nevinson Way, Waterlooville, Hampshire | C26: 800Pv00000G4ok1IAB | D26: =VLOOKUP(C26, Mappings!K:L, 2, FALSE) -> 43882 | F26: =VLOOKUP(C26, Mappings!A:B, 2, FALSE) -> 127166001001 | G26: Draft | H26: Ended | I26: Old | J26: 2025-04-29T13:12:57.000+0000 | K26: Duplicate | L26: 2 | M26: {=MATCH(A26, _xlfn.UNIQUE(_xlfn._xlws.FILTER(A:A, A:A<>"")), 0)} -> 12
A27: a1G4J0000025xFwUAI | B27: =VLOOKUP(C27, Mappings!F:G, 2, FALSE) -> GR-Apt 117, Kings Dock Mill, Liverpool, L1 | C27: 800Pv00000G4ok4IAB | D27: =VLOOKUP(C27, Mappings!K:L, 2, FALSE) -> 39420 | E27: =VLOOKUP(C27, Mappings!N:O, 2, FALSE) -> 94203 | F27: =VLOOKUP(C27, Mappings!A:B, 2, FALSE) -> 127057116002 | G27: Activated | H27: Current | I27: Current | J27: 2025-04-29T14:14:42.000+0000 | K27: Duplicate | L27: 2 | M27: {=MATCH(A27, _xlfn.UNIQUE(_xlfn._xlws.FILTER(A:A, A:A<>"")), 0)} -> 13
A28: a1G4J0000025xFwUAI | B28: =VLOOKUP(C28, Mappings!F:G, 2, FALSE) -> GR-Apt 117, Kings Dock Mill, Liverpool, L1 | C28: 800Pv00000GEqyGIAT | F28: =VLOOKUP(C28, Mappings!A:B, 2, FALSE) -> 127057116001 | G28: Draft | H28: Ended | I28: Old | J28: 2025-04-29T13:16:12.000+0000 | K28: Duplicate | L28: 2 | M28: {=MATCH(A28, _xlfn.UNIQUE(_xlfn._xlws.FILTER(A:A, A:A<>"")), 0)} -> 13
A29: a1G4J0000025xFXUAY | B29: =VLOOKUP(C29, Mappings!F:G, 2, FALSE) -> Bay 13, Kings Dock Mill, Liverpool, L1 | C29: 800Pv00000GEzs2IAD | D29: =VLOOKUP(C29, Mappings!K:L, 2, FALSE) -> 45392 | E29: =VLOOKUP(C29, Mappings!N:O, 2, FALSE) -> 45756 | F29: =VLOOKUP(C29, Mappings!A:B, 2, FALSE) -> 127057205007 | G29: Activated | H29: Current | I29: Current | J29: 2025-04-29T14:11:58.000+0000 | K29: Duplicate | L29: 2 | M29: {=MATCH(A29, _xlfn.UNIQUE(_xlfn._xlws.FILTER(A:A, A:A<>"")), 0)} -> 14
A30: a1G4J0000025xFXUAY | B30: =VLOOKUP(C30, Mappings!F:G, 2, FALSE) -> Bay 13, Kings Dock Mill, Liverpool, L1 | C30: 800Pv00000G51aIIAR | D30: =VLOOKUP(C30, Mappings!K:L, 2, FALSE) -> 45392 | E30: =VLOOKUP(C30, Mappings!N:O, 2, FALSE) -> 45756 | F30: =VLOOKUP(C30, Mappings!A:B, 2, FALSE) -> 127057205008 | G30: Draft | H30: Ended | I30: Old | J30: 2025-04-29T13:12:39.000+0000 | K30: Duplicate | L30: 2 | M30: {=MATCH(A30, _xlfn.UNIQUE(_xlfn._xlws.FILTER(A:A, A:A<>"")), 0)} -> 14
A31: a1G4J0000025xheUAA | B31: =VLOOKUP(C31, Mappings!F:G, 2, FALSE) -> Car Park Bay 47, Carey Lane | C31: 800Pv00000GEvlwIAD | D31: =VLOOKUP(C31, Mappings!K:L, 2, FALSE) -> 44646 | E31: =VLOOKUP(C31, Mappings!N:O, 2, FALSE) -> 45010 | F31: =VLOOKUP(C31, Mappings!A:B, 2, FALSE) -> 222531002002 | G31: Activated | H31: Current | I31: Current | J31: 2025-04-29T14:14:45.000+0000 | K31: Duplicate | L31: 2 | M31: {=MATCH(A31, _xlfn.UNIQUE(_xlfn._xlws.FILTER(A:A, A:A<>"")), 0)} -> 15
A32: a1G4J0000025xheUAA | B32: =VLOOKUP(C32, Mappings!F:G, 2, FALSE) -> Car Park Bay 47, Carey Lane | C32: 800Pv00000G54GRIAZ | D32: =VLOOKUP(C32, Mappings!K:L, 2, FALSE) -> 44646 | F32: =VLOOKUP(C32, Mappings!A:B, 2, FALSE) -> 222531002001 | G32: Draft | H32: Ended | I32: Old | J32: 2025-04-29T13:13:32.000+0000 | K32: Duplicate | L32: 2 | M32: {=MATCH(A32, _xlfn.UNIQUE(_xlfn._xlws.FILTER(A:A, A:A<>"")), 0)} -> 15
A33: a1G4J0000025xI9UAI | B33: =VLOOKUP(C33, Mappings!F:G, 2, FALSE) -> 305 Tayleur Apt , Waterman Wlk, Salford M50 | C33: 800Pv00000G4x0hIAB | D33: =VLOOKUP(C33, Mappings!K:L, 2, FALSE) -> 45365 | E33: =VLOOKUP(C33, Mappings!N:O, 2, FALSE) -> 45729 | F33: =VLOOKUP(C33, Mappings!A:B, 2, FALSE) -> 222580017003 | G33: Activated | H33: Current | I33: Current | J33: 2025-04-29T14:12:12.000+0000 | K33: Duplicate | L33: 2 | M33: {=MATCH(A33, _xlfn.UNIQUE(_xlfn._xlws.FILTER(A:A, A:A<>"")), 0)} -> 16
A34: a1G4J0000025xI9UAI | B34: =VLOOKUP(C34, Mappings!F:G, 2, FALSE) -> 305 Tayleur Apt , Waterman Wlk, Salford M50 | C34: 800Pv00000GF1ruIAD | D34: =VLOOKUP(C34, Mappings!K:L, 2, FALSE) -> 45365 | E34: =VLOOKUP(C34, Mappings!N:O, 2, FALSE) -> 45729 | F34: =VLOOKUP(C34, Mappings!A:B, 2, FALSE) -> 222580017004 | G34: Draft | H34: Ended | I34: Old | J34: 2025-04-29T13:30:16.000+0000 | K34: Duplicate | L34: 2 | M34: {=MATCH(A34, _xlfn.UNIQUE(_xlfn._xlws.FILTER(A:A, A:A<>"")), 0)} -> 16
A35: a1G4J0000025xnnUAA | B35: =VLOOKUP(C35, Mappings!F:G, 2, FALSE) -> 611 Syren Apt , Ottinger Close, Salford M50 | C35: 800Pv00000GEm7EIAT | D35: =VLOOKUP(C35, Mappings!K:L, 2, FALSE) -> 45481 | E35: =VLOOKUP(C35, Mappings!N:O, 2, FALSE) -> 45845 | F35: =VLOOKUP(C35, Mappings!A:B, 2, FALSE) -> 222581076004 | G35: Activated | H35: Current | I35: Current | J35: 2025-04-29T14:12:12.000+0000 | K35: Duplicate | L35: 2 | M35: {=MATCH(A35, _xlfn.UNIQUE(_xlfn._xlws.FILTER(A:A, A:A<>"")), 0)} -> 17
A36: a1G4J0000025xnnUAA | B36: =VLOOKUP(C36, Mappings!F:G, 2, FALSE) -> 611 Syren Apt , Ottinger Close, Salford M50 | C36: 800Pv00000G4x0uIAB | D36: =VLOOKUP(C36, Mappings!K:L, 2, FALSE) -> 45481 | E36: =VLOOKUP(C36, Mappings!N:O, 2, FALSE) -> 45845 | F36: =VLOOKUP(C36, Mappings!A:B, 2, FALSE) -> 222581076003 | G36: Draft | H36: Ended | I36: Old | J36: 2025-04-15T14:26:26.000+0000 | K36: Duplicate | L36: 2 | M36: {=MATCH(A36, _xlfn.UNIQUE(_xlfn._xlws.FILTER(A:A, A:A<>"")), 0)} -> 17
A37: a1G4J0000025xoHUAQ | B37: =VLOOKUP(C37, Mappings!F:G, 2, FALSE) -> Clippers - Unit 1 Zerega Way M50 | C37: 800Pv00000GOrhwIAD | D37: =VLOOKUP(C37, Mappings!K:L, 2, FALSE) -> 45449 | E37: =VLOOKUP(C37, Mappings!N:O, 2, FALSE) -> 49100 | F37: =VLOOKUP(C37, Mappings!A:B, 2, FALSE) -> 222577002002 | G37: Activated | H37: Current | I37: Current | J37: 2025-04-29T14:14:45.000+0000 | K37: Duplicate | L37: 2 | M37: {=MATCH(A37, _xlfn.UNIQUE(_xlfn._xlws.FILTER(A:A, A:A<>"")), 0)} -> 18
A38: a1G4J0000025xoHUAQ | B38: =VLOOKUP(C38, Mappings!F:G, 2, FALSE) -> Clippers - Unit 1 Zerega Way M50 | C38: 800Pv00000G54GmIAJ | D38: =VLOOKUP(C38, Mappings!K:L, 2, FALSE) -> 45838 | E38: =VLOOKUP(C38, Mappings!N:O, 2, FALSE) -> 53142 | F38: =VLOOKUP(C38, Mappings!A:B, 2, FALSE) -> 222577002001 | G38: Draft | H38: Ended | I38: Old | J38: 2025-04-29T13:13:32.000+0000 | K38: Duplicate | L38: 2 | M38: {=MATCH(A38, _xlfn.UNIQUE(_xlfn._xlws.FILTER(A:A, A:A<>"")), 0)} -> 18
A39: a1G4J0000025xpjUAA | B39: =VLOOKUP(C39, Mappings!F:G, 2, FALSE) -> 44, New Islington, 43 Chippenham Road, M4 6BY | C39: 800Pv00000G4x0vIAB | D39: =VLOOKUP(C39, Mappings!K:L, 2, FALSE) -> 45464 | E39: =VLOOKUP(C39, Mappings!N:O, 2, FALSE) -> 45828 | F39: =VLOOKUP(C39, Mappings!A:B, 2, FALSE) -> 222521044005 | G39: Activated | H39: Current | I39: Current | J39: 2025-04-29T14:15:13.000+0000 | K39: Duplicate | L39: 2 | M39: {=MATCH(A39, _xlfn.UNIQUE(_xlfn._xlws.FILTER(A:A, A:A<>"")), 0)} -> 19
A40: a1G4J0000025xpjUAA | B40: =VLOOKUP(C40, Mappings!F:G, 2, FALSE) -> 44, New Islington, 43 Chippenham Road, M4 6BY | C40: 800Pv00000GEm7FIAT | D40: =VLOOKUP(C40, Mappings!K:L, 2, FALSE) -> 45464 | E40: =VLOOKUP(C40, Mappings!N:O, 2, FALSE) -> 45828 | F40: =VLOOKUP(C40, Mappings!A:B, 2, FALSE) -> 222521044006 | G40: Draft | H40: Ended | I40: Old | J40: 2025-04-29T13:14:43.000+0000 | K40: Duplicate | L40: 2 | M40: {=MATCH(A40, _xlfn.UNIQUE(_xlfn._xlws.FILTER(A:A, A:A<>"")), 0)} -> 19
A41: a1G4J0000025xpPUAQ | B41: =VLOOKUP(C41, Mappings!F:G, 2, FALSE) -> 709 Ambassador Apt, Waterman Wlk, Salford M50 | C41: 800Pv00000GEzsfIAD | D41: =VLOOKUP(C41, Mappings!K:L, 2, FALSE) -> 45481 | E41: =VLOOKUP(C41, Mappings!N:O, 2, FALSE) -> 45845 | F41: =VLOOKUP(C41, Mappings!A:B, 2, FALSE) -> 222578111004 | G41: Activated | H41: Current | I41: Current | J41: 2025-04-29T14:12:07.000+0000 | K41: Duplicate | L41: 2 | M41: {=MATCH(A41, _xlfn.UNIQUE(_xlfn._xlws.FILTER(A:A, A:A<>"")), 0)} -> 20
A42: a1G4J0000025xpPUAQ | B42: =VLOOKUP(C42, Mappings!F:G, 2, FALSE) -> 709 Ambassador Apt, Waterman Wlk, Salford M50 | C42: 800Pv00000G56jTIAR | D42: =VLOOKUP(C42, Mappings!K:L, 2, FALSE) -> 45481 | E42: =VLOOKUP(C42, Mappings!N:O, 2, FALSE) -> 45845 | F42: =VLOOKUP(C42, Mappings!A:B, 2, FALSE) -> 222578111005 | G42: Draft | H42: Ended | I42: Old | J42: 2025-04-29T13:14:10.000+0000 | K42: Duplicate | L42: 2 | M42: {=MATCH(A42, _xlfn.UNIQUE(_xlfn._xlws.FILTER(A:A, A:A<>"")), 0)} -> 20
A43: a1G4J0000025xxMUAQ | B43: =VLOOKUP(C43, Mappings!F:G, 2, FALSE) -> 31, 112 The Rock, Bury, BL9 | C43: 800Pv00000G4zWsIAJ | D43: =VLOOKUP(C43, Mappings!K:L, 2, FALSE) -> 44848 | E43: =VLOOKUP(C43, Mappings!N:O, 2, FALSE) -> 45578 | F43: =VLOOKUP(C43, Mappings!A:B, 2, FALSE) -> 222489030003 | G43: Activated | H43: Current | I43: Current | J43: 2025-04-29T14:12:05.000+0000 | K43: Duplicate | L43: 2 | M43: {=MATCH(A43, _xlfn.UNIQUE(_xlfn._xlws.FILTER(A:A, A:A<>"")), 0)} -> 21
A44: a1G4J0000025xxMUAQ | B44: =VLOOKUP(C44, Mappings!F:G, 2, FALSE) -> 31, 112 The Rock, Bury, BL9 | C44: 800Pv00000GF2A7IAL | D44: =VLOOKUP(C44, Mappings!K:L, 2, FALSE) -> 44848 | E44: =VLOOKUP(C44, Mappings!N:O, 2, FALSE) -> 45578 | F44: =VLOOKUP(C44, Mappings!A:B, 2, FALSE) -> 222489030004 | G44: Draft | H44: Ended | I44: Old | J44: 2025-04-29T13:32:56.000+0000 | K44: Duplicate | L44: 2 | M44: {=MATCH(A44, _xlfn.UNIQUE(_xlfn._xlws.FILTER(A:A, A:A<>"")), 0)} -> 21
... A127: a1G4J00000262l0UAA | B127: =VLOOKUP(C127, Mappings!F:G, 2, FALSE) -> Flat 1, Middleton Hse, Causton St, SW1P 4AS | C127: 800Pv00000FzoWSIAZ | D127: =VLOOKUP(C127, Mappings!K:L, 2, FALSE) -> 38718 | E127: =VLOOKUP(C127, Mappings!N:O, 2, FALSE) -> 84372 | F127: =VLOOKUP(C127, Mappings!A:B, 2, FALSE) -> 317463001002 | G127: Activated | H127: Current | I127: Current | J127: 2025-04-29T14:14:59.000+0000 | K127: Duplicate | L127: 2 | M127: {=MATCH(A127, _xlfn.UNIQUE(_xlfn._xlws.FILTER(A:A, A:A<>"")), 0)} -> 63
A128: a1G4J00000262l0UAA | B128: =VLOOKUP(C128, Mappings!F:G, 2, FALSE) -> Flat 1, Middleton Hse, Causton St, SW1P 4AS | C128: 800Pv00000GF2wVIAT | D128: =VLOOKUP(C128, Mappings!K:L, 2, FALSE) -> 38718 | F128: =VLOOKUP(C128, Mappings!A:B, 2, FALSE) -> 317463001009 | G128: Draft | H128: Ended | I128: Old | J128: 2025-04-29T13:34:04.000+0000 | K128: Duplicate | L128: 2 | M128: {=MATCH(A128, _xlfn.UNIQUE(_xlfn._xlws.FILTER(A:A, A:A<>"")), 0)} -> 63
A129: a1G4J00000262veUAA | B129: =VLOOKUP(C129, Mappings!F:G, 2, FALSE) -> 57D Ufford Street, London, SE1 8QB | C129: 800Pv00000G56rhIAB | D129: =VLOOKUP(C129, Mappings!K:L, 2, FALSE) -> 45465 | E129: =VLOOKUP(C129, Mappings!N:O, 2, FALSE) -> 45829 | F129: =VLOOKUP(C129, Mappings!A:B, 2, FALSE) -> 317565004006 | G129: Activated | H129: Current | I129: Current | J129: 2025-04-29T14:12:52.000+0000 | K129: Duplicate | L129: 2 | M129: {=MATCH(A129, _xlfn.UNIQUE(_xlfn._xlws.FILTER(A:A, A:A<>"")), 0)} -> 64
A130: a1G4J00000262veUAA | B130: =VLOOKUP(C130, Mappings!F:G, 2, FALSE) -> 57D Ufford Street, London, SE1 8QB | C130: 800Pv00000GEwBlIAL | D130: =VLOOKUP(C130, Mappings!K:L, 2, FALSE) -> 45465 | E130: =VLOOKUP(C130, Mappings!N:O, 2, FALSE) -> 45829 | F130: =VLOOKUP(C130, Mappings!A:B, 2, FALSE) -> 317565004005 | G130: Draft | H130: Ended | I130: Old | J130: 2025-04-22T18:40:38.000+0000 | K130: Duplicate | L130: 2 | M130: {=MATCH(A130, _xlfn.UNIQUE(_xlfn._xlws.FILTER(A:A, A:A<>"")), 0)} -> 64
A131: a1G4J000002635ZUAQ | B131: =VLOOKUP(C131, Mappings!F:G, 2, FALSE) -> Flat 41, Wilbraham Hse, Wandsworth Rd,SW8 2XD | C131: 800Pv00000GF0LAIA1 | D131: =VLOOKUP(C131, Mappings!K:L, 2, FALSE) -> 45381 | E131: =VLOOKUP(C131, Mappings!N:O, 2, FALSE) -> 45745 | F131: =VLOOKUP(C131, Mappings!A:B, 2, FALSE) -> 317585041009 | G131: Activated | H131: Current | I131: Current | J131: 2025-04-29T14:12:52.000+0000 | K131: Duplicate | L131: 2 | M131: {=MATCH(A131, _xlfn.UNIQUE(_xlfn._xlws.FILTER(A:A, A:A<>"")), 0)} -> 65
A132: a1G4J000002635ZUAQ | B132: =VLOOKUP(C132, Mappings!F:G, 2, FALSE) -> Flat 41, Wilbraham Hse, Wandsworth Rd,SW8 2XD | C132: 800Pv00000G4xsaIAB | D132: =VLOOKUP(C132, Mappings!K:L, 2, FALSE) -> 45381 | E132: =VLOOKUP(C132, Mappings!N:O, 2, FALSE) -> 45745 | F132: =VLOOKUP(C132, Mappings!A:B, 2, FALSE) -> 317585041003 | G132: Draft | H132: Ended | I132: Old | J132: 2025-04-15T14:26:50.000+0000 | K132: Duplicate | L132: 2 | M132: {=MATCH(A132, _xlfn.UNIQUE(_xlfn._xlws.FILTER(A:A, A:A<>"")), 0)} -> 65
A133: a1G4J000004jusPUAQ | B133: =VLOOKUP(C133, Mappings!F:G, 2, FALSE) -> 206 Windlass Apartments, 4 Hale Wharf, N17 | C133: 800Pv00000G56rnIAB | D133: =VLOOKUP(C133, Mappings!K:L, 2, FALSE) -> 45464 | E133: =VLOOKUP(C133, Mappings!N:O, 2, FALSE) -> 45828 | F133: =VLOOKUP(C133, Mappings!A:B, 2, FALSE) -> 222664015004 | G133: Activated | H133: Current | I133: Current | J133: 2025-04-29T14:15:16.000+0000 | K133: Duplicate | L133: 2 | M133: {=MATCH(A133, _xlfn.UNIQUE(_xlfn._xlws.FILTER(A:A, A:A<>"")), 0)} -> 66
A134: a1G4J000004jusPUAQ | B134: =VLOOKUP(C134, Mappings!F:G, 2, FALSE) -> 206 Windlass Apartments, 4 Hale Wharf, N17 | C134: 800Pv00000GEwC3IAL | D134: =VLOOKUP(C134, Mappings!K:L, 2, FALSE) -> 45464 | E134: =VLOOKUP(C134, Mappings!N:O, 2, FALSE) -> 45828 | F134: =VLOOKUP(C134, Mappings!A:B, 2, FALSE) -> 222664015003 | G134: Draft | H134: Ended | I134: Old | J134: 2025-04-22T18:41:44.000+0000 | K134: Duplicate | L134: 2 | M134: {=MATCH(A134, _xlfn.UNIQUE(_xlfn._xlws.FILTER(A:A, A:A<>"")), 0)} -> 66
A135: a1G4J000004jyhKUAQ | B135: =VLOOKUP(C135, Mappings!F:G, 2, FALSE) -> 314, The Headline, Wellington Park Way, Leeds | C135: 800Pv00000GF0LMIA1 | D135: =VLOOKUP(C135, Mappings!K:L, 2, FALSE) -> 45465 | E135: =VLOOKUP(C135, Mappings!N:O, 2, FALSE) -> 46194 | F135: =VLOOKUP(C135, Mappings!A:B, 2, FALSE) -> 222666050003 | G135: Activated | H135: Current | I135: Current | J135: 2025-04-29T14:12:25.000+0000 | K135: Duplicate | L135: 2 | M135: {=MATCH(A135, _xlfn.UNIQUE(_xlfn._xlws.FILTER(A:A, A:A<>"")), 0)} -> 67
A136: a1G4J000004jyhKUAQ | B136: =VLOOKUP(C136, Mappings!F:G, 2, FALSE) -> 314, The Headline, Wellington Park Way, Leeds | C136: 800Pv00000G4xscIAB | D136: =VLOOKUP(C136, Mappings!K:L, 2, FALSE) -> 45465 | E136: =VLOOKUP(C136, Mappings!N:O, 2, FALSE) -> 46194 | F136: =VLOOKUP(C136, Mappings!A:B, 2, FALSE) -> 222666050002 | G136: Draft | H136: Ended | I136: Old | J136: 2025-04-15T14:26:35.000+0000 | K136: Duplicate | L136: 2 | M136: {=MATCH(A136, _xlfn.UNIQUE(_xlfn._xlws.FILTER(A:A, A:A<>"")), 0)} -> 67
A137: a1G4J000004jylcUAA | B137: =VLOOKUP(C137, Mappings!F:G, 2, FALSE) -> Parking 49,Level -B, The Headline | C137: 800Pv00000GOybJIAT | D137: =VLOOKUP(C137, Mappings!K:L, 2, FALSE) -> 45338 | E137: =VLOOKUP(C137, Mappings!N:O, 2, FALSE) -> 45703 | F137: =VLOOKUP(C137, Mappings!A:B, 2, FALSE) -> 222668049004 | G137: Activated | H137: Current | I137: Current | J137: 2025-04-29T14:15:18.000+0000 | K137: Duplicate | L137: 2 | M137: {=MATCH(A137, _xlfn.UNIQUE(_xlfn._xlws.FILTER(A:A, A:A<>"")), 0)} -> 68
A138: a1G4J000004jylcUAA | B138: =VLOOKUP(C138, Mappings!F:G, 2, FALSE) -> Parking 49,Level -B, The Headline | C138: 800Pv00000G4xseIAB | D138: =VLOOKUP(C138, Mappings!K:L, 2, FALSE) -> 45338 | E138: =VLOOKUP(C138, Mappings!N:O, 2, FALSE) -> 45703 | F138: =VLOOKUP(C138, Mappings!A:B, 2, FALSE) -> 222668049003 | G138: Draft | H138: Ended | I138: Old | J138: 2025-04-22T18:45:41.000+0000 | K138: Duplicate | L138: 2 | M138: {=MATCH(A138, _xlfn.UNIQUE(_xlfn._xlws.FILTER(A:A, A:A<>"")), 0)} -> 68
A139: a1G8d0000004D8EEAU | B139: =VLOOKUP(C139, Mappings!F:G, 2, FALSE) -> 002 West, The Forge, Newcastle, NE1 3AJ | C139: 800Pv00000G56sCIAR | D139: =VLOOKUP(C139, Mappings!K:L, 2, FALSE) -> 45464 | E139: =VLOOKUP(C139, Mappings!N:O, 2, FALSE) -> 45829 | F139: =VLOOKUP(C139, Mappings!A:B, 2, FALSE) -> 222677002003 | G139: Activated | H139: Current | I139: Current | J139: 2025-04-29T14:12:32.000+0000 | K139: Duplicate | L139: 2 | M139: {=MATCH(A139, _xlfn.UNIQUE(_xlfn._xlws.FILTER(A:A, A:A<>"")), 0)} -> 69
A140: a1G8d0000004D8EEAU | B140: =VLOOKUP(C140, Mappings!F:G, 2, FALSE) -> 002 West, The Forge, Newcastle, NE1 3AJ | C140: 800Pv00000GF01vIAD | D140: =VLOOKUP(C140, Mappings!K:L, 2, FALSE) -> 45435 | E140: =VLOOKUP(C140, Mappings!N:O, 2, FALSE) -> 45828 | F140: =VLOOKUP(C140, Mappings!A:B, 2, FALSE) -> 222677002002 | G140: Draft | H140: Ended | I140: Old | J140: 2025-04-22T18:40:39.000+0000 | K140: Duplicate | L140: 2 | M140: {=MATCH(A140, _xlfn.UNIQUE(_xlfn._xlws.FILTER(A:A, A:A<>"")), 0)} -> 69
... A142: a1G8d0000004DFoEAM | B142: =VLOOKUP(C142, Mappings!F:G, 2, FALSE) -> 306 West, The Forge, Newcastle, NE1 3AJ | C142: 800Pv00000G55YQIAZ | D142: =VLOOKUP(C142, Mappings!K:L, 2, FALSE) -> 45513 | E142: =VLOOKUP(C142, Mappings!N:O, 2, FALSE) -> 45696 | F142: =VLOOKUP(C142, Mappings!A:B, 2, FALSE) -> 222677045004 | G142: Draft | H142: Ended | I142: Old | J142: 2025-04-29T13:13:51.000+0000 | K142: Duplicate | L142: 2 | M142: {=MATCH(A142, _xlfn.UNIQUE(_xlfn._xlws.FILTER(A:A, A:A<>"")), 0)} -> 70
A143: a1G8d0000004gXmEAI | B143: =VLOOKUP(C143, Mappings!F:G, 2, FALSE) -> GR-Brookfield Cottage, Liverpool, L17 | C143: 800Pv00000GOycyIAD | F143: =VLOOKUP(C143, Mappings!A:B, 2, FALSE) -> 127690001999 | G143: Activated | H143: Current | I143: Current | J143: 2025-04-29T14:15:08.000+0000 | K143: Duplicate | L143: 2 | M143: {=MATCH(A143, _xlfn.UNIQUE(_xlfn._xlws.FILTER(A:A, A:A<>"")), 0)} -> 71
A144: a1G8d0000004gXmEAI | B144: =VLOOKUP(C144, Mappings!F:G, 2, FALSE) -> GR-Brookfield Cottage, Liverpool, L17 | C144: 800Pv00000FzYkEIAV | D144: =VLOOKUP(C144, Mappings!K:L, 2, FALSE) -> 45317 | F144: =VLOOKUP(C144, Mappings!A:B, 2, FALSE) -> 127690001001 | G144: Draft | H144: Ended | I144: Old | J144: 2025-04-29T13:10:06.000+0000 | K144: Duplicate | L144: 2 | M144: {=MATCH(A144, _xlfn.UNIQUE(_xlfn._xlws.FILTER(A:A, A:A<>"")), 0)} -> 71
A145: a1G8d0000004MeEEAU | B145: =VLOOKUP(C145, Mappings!F:G, 2, FALSE) -> Unit 3, Halogen House, 217 Chapel St, Salford | C145: 800Pv00000GF1sOIAT | D145: =VLOOKUP(C145, Mappings!K:L, 2, FALSE) -> 44470 | E145: =VLOOKUP(C145, Mappings!N:O, 2, FALSE) -> 46295 | F145: =VLOOKUP(C145, Mappings!A:B, 2, FALSE) -> 222653003002 | G145: Activated | H145: Current | I145: Current | J145: 2025-04-29T14:15:08.000+0000 | K145: Duplicate | L145: 2 | M145: {=MATCH(A145, _xlfn.UNIQUE(_xlfn._xlws.FILTER(A:A, A:A<>"")), 0)} -> 72
A146: a1G8d0000004MeEEAU | B146: =VLOOKUP(C146, Mappings!F:G, 2, FALSE) -> Unit 3, Halogen House, 217 Chapel St, Salford | C146: 800Pv00000G4r6MIAR | D146: =VLOOKUP(C146, Mappings!K:L, 2, FALSE) -> 45301 | F146: =VLOOKUP(C146, Mappings!A:B, 2, FALSE) -> 222653003001 | G146: Draft | H146: Ended | I146: Old | J146: 2025-04-15T14:27:18.000+0000 | K146: Duplicate | L146: 2 | M146: {=MATCH(A146, _xlfn.UNIQUE(_xlfn._xlws.FILTER(A:A, A:A<>"")), 0)} -> 72
A147: a1G8d0000004qk9EAA | B147: =VLOOKUP(C147, Mappings!F:G, 2, FALSE) -> 28 Farrow House, 6 Station Approach, Newbury | C147: 800Pv00000G53beIAB | D147: =VLOOKUP(C147, Mappings!K:L, 2, FALSE) -> 45226 | E147: =VLOOKUP(C147, Mappings!N:O, 2, FALSE) -> 45591 | F147: =VLOOKUP(C147, Mappings!A:B, 2, FALSE) -> 222700028001 | G147: Activated | H147: Current | I147: Current | J147: 2025-04-29T14:12:38.000+0000 | K147: Duplicate | L147: 2 | M147: {=MATCH(A147, _xlfn.UNIQUE(_xlfn._xlws.FILTER(A:A, A:A<>"")), 0)} -> 73
A148: a1G8d0000004qk9EAA | B148: =VLOOKUP(C148, Mappings!F:G, 2, FALSE) -> 28 Farrow House, 6 Station Approach, Newbury | C148: 800Pv00000GF3bDIAT | D148: =VLOOKUP(C148, Mappings!K:L, 2, FALSE) -> 45226 | E148: =VLOOKUP(C148, Mappings!N:O, 2, FALSE) -> 45591 | F148: =VLOOKUP(C148, Mappings!A:B, 2, FALSE) -> 222700028002 | G148: Draft | H148: Ended | I148: Old | J148: 2025-04-29T13:36:25.000+0000 | K148: Duplicate | L148: 2 | M148: {=MATCH(A148, _xlfn.UNIQUE(_xlfn._xlws.FILTER(A:A, A:A<>"")), 0)} -> 73
A149: a1G8d0000004XcIEAU | B149: =VLOOKUP(C149, Mappings!F:G, 2, FALSE) -> 507 Pin Yard, 11 Sweet Street, Leeds | C149: 800Pv00000GEuuTIAT | D149: =VLOOKUP(C149, Mappings!K:L, 2, FALSE) -> 45465 | E149: =VLOOKUP(C149, Mappings!N:O, 2, FALSE) -> 46194 | F149: =VLOOKUP(C149, Mappings!A:B, 2, FALSE) -> 222683106002 | G149: Activated | H149: Current | I149: Current | J149: 2025-04-29T14:15:18.000+0000 | K149: Duplicate | L149: 2 | M149: {=MATCH(A149, _xlfn.UNIQUE(_xlfn._xlws.FILTER(A:A, A:A<>"")), 0)} -> 74
A150: a1G8d0000004XcIEAU | B150: =VLOOKUP(C150, Mappings!F:G, 2, FALSE) -> 507 Pin Yard, 11 Sweet Street, Leeds | C150: 800Pv00000G4r6VIAR | D150: =VLOOKUP(C150, Mappings!K:L, 2, FALSE) -> 45465 | E150: =VLOOKUP(C150, Mappings!N:O, 2, FALSE) -> 46194 | F150: =VLOOKUP(C150, Mappings!A:B, 2, FALSE) -> 222683106001 | G150: Draft | H150: Ended | I150: Old | J150: 2025-04-15T14:27:18.000+0000 | K150: Duplicate | L150: 2 | M150: {=MATCH(A150, _xlfn.UNIQUE(_xlfn._xlws.FILTER(A:A, A:A<>"")), 0)} -> 74
A151: a1G8d0000005r6eEAA | B151: =VLOOKUP(C151, Mappings!F:G, 2, FALSE) -> 439 Enigma Square, 414 North Row, MK9 2GF | C151: 800Pv00000GEnlGIAT | D151: =VLOOKUP(C151, Mappings!K:L, 2, FALSE) -> 45481 | E151: =VLOOKUP(C151, Mappings!N:O, 2, FALSE) -> 45664 | F151: =VLOOKUP(C151, Mappings!A:B, 2, FALSE) -> 222708129002 | G151: Activated | H151: Current | I151: Current | J151: 2025-04-29T14:15:18.000+0000 | K151: Duplicate | L151: 2 | M151: {=MATCH(A151, _xlfn.UNIQUE(_xlfn._xlws.FILTER(A:A, A:A<>"")), 0)} -> 75
A152: a1G8d0000005r6eEAA | B152: =VLOOKUP(C152, Mappings!F:G, 2, FALSE) -> 439 Enigma Square, 414 North Row, MK9 2GF | C152: 800Pv00000G4r73IAB | D152: =VLOOKUP(C152, Mappings!K:L, 2, FALSE) -> 45481 | E152: =VLOOKUP(C152, Mappings!N:O, 2, FALSE) -> 45664 | F152: =VLOOKUP(C152, Mappings!A:B, 2, FALSE) -> 222708129001 | G152: Draft | H152: Ended | I152: Old | J152: 2025-04-15T14:27:18.000+0000 | K152: Duplicate | L152: 2 | M152: {=MATCH(A152, _xlfn.UNIQUE(_xlfn._xlws.FILTER(A:A, A:A<>"")), 0)} -> 75
A153: a1G8d0000005rHlEAI | B153: =VLOOKUP(C153, Mappings!F:G, 2, FALSE) -> 639 Enigma Square, 414 North Row, MK9 2GF | C153: 800Pv00000GOw9jIAD | D153: =VLOOKUP(C153, Mappings!K:L, 2, FALSE) -> 45348 | E153: =VLOOKUP(C153, Mappings!N:O, 2, FALSE) -> 45713 | F153: =VLOOKUP(C153, Mappings!A:B, 2, FALSE) -> 222708207002 | G153: Activated | H153: Current | I153: Current | J153: 2025-04-29T14:12:37.000+0000 | K153: Duplicate | L153: 2 | M153: {=MATCH(A153, _xlfn.UNIQUE(_xlfn._xlws.FILTER(A:A, A:A<>"")), 0)} -> 76
A154: a1G8d0000005rHlEAI | B154: =VLOOKUP(C154, Mappings!F:G, 2, FALSE) -> 639 Enigma Square, 414 North Row, MK9 2GF | C154: 800Pv00000G4r78IAB | D154: =VLOOKUP(C154, Mappings!K:L, 2, FALSE) -> 45348 | E154: =VLOOKUP(C154, Mappings!N:O, 2, FALSE) -> 45713 | F154: =VLOOKUP(C154, Mappings!A:B, 2, FALSE) -> 222708207001 | G154: Draft | H154: Ended | I154: Old | J154: 2025-04-22T18:40:46.000+0000 | K154: Duplicate | L154: 2 | M154: {=MATCH(A154, _xlfn.UNIQUE(_xlfn._xlws.FILTER(A:A, A:A<>"")), 0)} -> 76
A155: a1G8d000002Q2aAEAS | B155: =VLOOKUP(C155, Mappings!F:G, 2, FALSE) -> 117 Assay Apartments, Station View, Guildford | C155: 800Pv00000GF0OqIAL | D155: =VLOOKUP(C155, Mappings!K:L, 2, FALSE) -> 45488 | E155: =VLOOKUP(C155, Mappings!N:O, 2, FALSE) -> 45852 | F155: =VLOOKUP(C155, Mappings!A:B, 2, FALSE) -> 222741019002 | G155: Activated | H155: Current | I155: Current | J155: 2025-04-29T14:12:40.000+0000 | K155: Duplicate | L155: 2 | M155: {=MATCH(A155, _xlfn.UNIQUE(_xlfn._xlws.FILTER(A:A, A:A<>"")), 0)} -> 77
A156: a1G8d000002Q2aAEAS | B156: =VLOOKUP(C156, Mappings!F:G, 2, FALSE) -> 117 Assay Apartments, Station View, Guildford | C156: 800Pv00000G4r7SIAR | D156: =VLOOKUP(C156, Mappings!K:L, 2, FALSE) -> 45488 | E156: =VLOOKUP(C156, Mappings!N:O, 2, FALSE) -> 45852 | F156: =VLOOKUP(C156, Mappings!A:B, 2, FALSE) -> 222741019001 | G156: Draft | H156: Ended | I156: Old | J156: 2025-04-15T14:26:33.000+0000 | K156: Duplicate | L156: 2 | M156: {=MATCH(A156, _xlfn.UNIQUE(_xlfn._xlws.FILTER(A:A, A:A<>"")), 0)} -> 77
A157: a1G8d000002QBQDEA4 | B157: =VLOOKUP(C157, Mappings!F:G, 2, FALSE) -> 75 Nautilus Apts, 2 Norah Smyth Rd, London | C157: 800Pv00000G4r7hIAB | D157: =VLOOKUP(C157, Mappings!K:L, 2, FALSE) -> 45436 | E157: =VLOOKUP(C157, Mappings!N:O, 2, FALSE) -> 45800 | F157: =VLOOKUP(C157, Mappings!A:B, 2, FALSE) -> 222744075001 | G157: Activated | H157: Current | I157: Current | J157: 2025-04-29T14:12:43.000+0000 | K157: Duplicate | L157: 2 | M157: {=MATCH(A157, _xlfn.UNIQUE(_xlfn._xlws.FILTER(A:A, A:A<>"")), 0)} -> 78
A158: a1G8d000002QBQDEA4 | B158: =VLOOKUP(C158, Mappings!F:G, 2, FALSE) -> 75 Nautilus Apts, 2 Norah Smyth Rd, London | C158: 800Pv00000GF0JYIA1 | D158: =VLOOKUP(C158, Mappings!K:L, 2, FALSE) -> 45436 | E158: =VLOOKUP(C158, Mappings!N:O, 2, FALSE) -> 45800 | F158: =VLOOKUP(C158, Mappings!A:B, 2, FALSE) -> 222744075003 | G158: Draft | H158: Ended | I158: Old | J158: 2025-04-29T13:25:12.000+0000 | K158: Duplicate | L158: 2 | M158: {=MATCH(A158, _xlfn.UNIQUE(_xlfn._xlws.FILTER(A:A, A:A<>"")), 0)} -> 78
... A162: a1GNz00000011A9MAI | B162: =VLOOKUP(C162, Mappings!F:G, 2, FALSE) -> Parking space 31, 23 Queens Road, Nottingham | C162: 800Pv00000GF0RnIAL | D162: =VLOOKUP(C162, Mappings!K:L, 2, FALSE) -> 45485 | E162: =VLOOKUP(C162, Mappings!N:O, 2, FALSE) -> 45668 | F162: =VLOOKUP(C162, Mappings!A:B, 2, FALSE) -> 222760031002 | G162: Draft | H162: Ended | I162: Old | J162: 2025-04-29T13:26:21.000+0000 | K162: Duplicate | L162: 2 | M162: {=MATCH(A162, _xlfn.UNIQUE(_xlfn._xlws.FILTER(A:A, A:A<>"")), 0)} -> 80

Sheet Pivot
A3: Row Labels | B3: Count of Tenancy id
A4: a1G4J0000025tqLUAQ | B4: 3
A5: 800Pv00000Fsyg6IAB | B5: 1
A6: Old | B6: 1
A7: 800Pv00000G4jS4IAJ | B7: 1
A8: Old | B8: 1
A9: 800Pv00000GEoKCIA1 | B9: 1
A10: Current | B10: 1
A11: a1G4J0000025tVtUAI | B11: 2
A12: 800Pv00000G4x0LIAR | B12: 1
A13: Current | B13: 1
A14: 800Pv00000GEodVIAT | B14: 1
A15: Old | B15: 1
... A405: Grand Total | B405: 161

Sheet Unmapped Tenancies
A1: Tenancy id | B1: Unit id | C1: Status | D1: Tenancy Status | F1: Last Modified Date | G1: Tenancy Frequency | H1: Tenancy Count
A2: 800Pv00000GEodVIAT | B2: a1G4J0000025tVtUAI | C2: Draft | D2: Ended | E2: =IF(I2=_xlfn.MAXIFS(I:I, B:B, B2), "Current", "Old") -> Old | F2: 2025-04-22T18:41:28.000+0000 | G2: =IF(COUNTIF(B:B, B2) > 1, "Duplicate", "Unique") -> Duplicate | H2: =COUNTIF(B:B, B2) -> 2 | I2: =--SUBSTITUTE(LEFT(F2,19),"T"," ") -> 45769.779
A3: 800Pv00000G4x0LIAR | B3: a1G4J0000025tVtUAI | C3: Activated | D3: Current | E3: =IF(I3=_xlfn.MAXIFS(I:I, B:B, B3), "Current", "Old") -> Current | F3: 2025-04-29T14:14:04.000+0000 | G3: =IF(COUNTIF(B:B, B3) > 1, "Duplicate", "Unique") -> Duplicate | H3: =COUNTIF(B:B, B3) -> 2 | I3: =--SUBSTITUTE(LEFT(F3,19),"T"," ") -> 45776.593
A4: 800Pv00000G4vusIAB | B4: a1G4J0000025tVuUAI | C4: Activated | D4: Current | F4: 2025-04-29T14:14:04.000+0000 | G4: =IF(COUNTIF(B:B, B4) > 1, "Duplicate", "Unique") -> Unique
A5: 800Pv00000FzmItIAJ | B5: a1G4J0000025tVvUAI | C5: Activated | D5: Current | F5: 2025-04-29T14:14:04.000+0000 | G5: =IF(COUNTIF(B:B, B5) > 1, "Duplicate", "Unique") -> Unique
A6: 800Pv00000GEoeEIAT | B6: a1G4J0000025tVwUAI | C6: Activated | D6: Current | F6: 2025-04-29T14:14:04.000+0000 | G6: =IF(COUNTIF(B:B, B6) > 1, "Duplicate", "Unique") -> Unique
A7: 800Pv00000GEoeFIAT | B7: a1G4J0000025tVxUAI | C7: Activated | D7: Current | F7: 2025-04-29T14:14:04.000+0000 | G7: =IF(COUNTIF(B:B, B7) > 1, "Duplicate", "Unique") -> Unique
A8: 800Pv00000G53g5IAB | B8: a1G4J0000025tW0UAI | C8: Activated | D8: Current | F8: 2025-04-29T14:14:04.000+0000 | G8: =IF(COUNTIF(B:B, B8) > 1, "Duplicate", "Unique") -> Unique
A9: 800Pv00000GEoeGIAT | B9: a1G4J0000025tW1UAI | C9: Activated | D9: Current | F9: 2025-04-29T14:14:04.000+0000 | G9: =IF(COUNTIF(B:B, B9) > 1, "Duplicate", "Unique") -> Unique
A10: 800Pv00000GEoeHIAT | B10: a1G4J0000025tW2UAI | C10: Activated | D10: Current | F10: 2025-04-29T14:14:04.000+0000 | G10: =IF(COUNTIF(B:B, B10) > 1, "Duplicate", "Unique") -> Unique
A11: 800Pv00000GEoeIIAT | B11: a1G4J0000025tW5UAI | C11: Activated | D11: Current | F11: 2025-04-29T14:18:20.000+0000 | G11: =IF(COUNTIF(B:B, B11) > 1, "Duplicate", "Unique") -> Unique
A12: 800Pv00000FzmIxIAJ | B12: a1G4J0000025tW6UAI | C12: Activated | D12: Current | F12: 2025-04-29T14:14:04.000+0000 | G12: =IF(COUNTIF(B:B, B12) > 1, "Duplicate", "Unique") -> Unique
A13: 800Pv00000GEoeJIAT | B13: a1G4J0000025tW7UAI | C13: Activated | D13: Current | F13: 2025-04-29T14:14:04.000+0000 | G13: =IF(COUNTIF(B:B, B13) > 1, "Duplicate", "Unique") -> Unique
A14: 800Pv00000FzmIzIAJ | B14: a1G4J0000025tW9UAI | C14: Activated | D14: Current | F14: 2025-04-29T14:14:04.000+0000 | G14: =IF(COUNTIF(B:B, B14) > 1, "Duplicate", "Unique") -> Unique
A15: 800Pv00000GEoeKIAT | B15: a1G4J0000025tWAUAY | C15: Activated | D15: Current | F15: 2025-04-29T14:14:04.000+0000 | G15: =IF(COUNTIF(B:B, B15) > 1, "Duplicate", "Unique") -> Unique
... A524: 800Pv00000GEoKBIA1 | B524: a1G4J0000025tqKUAQ | C524: Activated | D524: Current | F524: 2025-04-29T14:14:08.000+0000 | G524: =IF(COUNTIF(B:B, B524) > 1, "Duplicate", "Unique") -> Unique
A525: 800Pv00000Fsyg6IAB | B525: a1G4J0000025tqLUAQ | C525: Draft | D525: Ended | E525: =IF(I525=_xlfn.MAXIFS(I:I, B:B, B525), "Current", "Old") -> Old | F525: 2025-04-29T13:10:06.000+0000 | G525: =IF(COUNTIF(B:B, B525) > 1, "Duplicate", "Unique") -> Duplicate | H525: =COUNTIF(B:B, B525) -> 3 | I525: =--SUBSTITUTE(LEFT(F525,19),"T"," ") -> 45776.549
A526: 800Pv00000GEoKCIA1 | B526: a1G4J0000025tqLUAQ | C526: Activated | D526: Current | E526: =IF(I526=_xlfn.MAXIFS(I:I, B:B, B526), "Current", "Old") -> Current | F526: 2025-04-29T14:11:59.000+0000 | G526: =IF(COUNTIF(B:B, B526) > 1, "Duplicate", "Unique") -> Duplicate | H526: =COUNTIF(B:B, B526) -> 3 | I526: =--SUBSTITUTE(LEFT(F526,19),"T"," ") -> 45776.592
A527: 800Pv00000G4jS4IAJ | B527: a1G4J0000025tqLUAQ | C527: Draft | D527: Ended | E527: =IF(I527=_xlfn.MAXIFS(I:I, B:B, B527), "Current", "Old") -> Old | F527: 2025-04-15T12:23:46.000+0000 | G527: =IF(COUNTIF(B:B, B527) > 1, "Duplicate", "Unique") -> Duplicate | H527: =COUNTIF(B:B, B527) -> 3 | I527: =--SUBSTITUTE(LEFT(F527,19),"T"," ") -> 45762.517
A528: 800Pv00000GEoKDIA1 | B528: a1G4J0000025tqNUAQ | C528: Activated | D528: Current | F528: 2025-04-29T14:14:08.000+0000 | G528: =IF(COUNTIF(B:B, B528) > 1, "Duplicate", "Unique") -> Unique
A529: 800Pv00000GEoKEIA1 | B529: a1G4J0000025tqOUAQ | C529: Activated | D529: Current | F529: 2025-04-29T14:14:08.000+0000 | G529: =IF(COUNTIF(B:B, B529) > 1, "Duplicate", "Unique") -> Unique
A530: 800Pv00000G55atIAB | B530: a1G4J0000025tqPUAQ | C530: Activated | D530: Current | F530: 2025-04-29T14:14:08.000+0000 | G530: =IF(COUNTIF(B:B, B530) > 1, "Duplicate", "Unique") -> Unique
A531: 800Pv00000GEoKGIA1 | B531: a1G4J0000025tqQUAQ | C531: Activated | D531: Current | F531: 2025-04-29T14:14:08.000+0000 | G531: =IF(COUNTIF(B:B, B531) > 1, "Duplicate", "Unique") -> Unique
A532: 800Pv00000G55D5IAJ | B532: a1G4J0000025tqUUAQ | C532: Activated | D532: Current | F532: 2025-04-29T14:14:08.000+0000 | G532: =IF(COUNTIF(B:B, B532) > 1, "Duplicate", "Unique") -> Unique
A533: 800Pv00000G55auIAB | B533: a1G4J0000025tqZUAQ | C533: Activated | D533: Current | F533: 2025-04-29T14:14:08.000+0000 | G533: =IF(COUNTIF(B:B, B533) > 1, "Duplicate", "Unique") -> Unique
A534: 800Pv00000GEoKHIA1 | B534: a1G4J0000025tqaUAA | C534: Activated | D534: Current | F534: 2025-04-29T14:14:08.000+0000 | G534: =IF(COUNTIF(B:B, B534) > 1, "Duplicate", "Unique") -> Unique
A535: 800Pv00000FzrUQIAZ | B535: a1G4J0000025tqbUAA | C535: Activated | D535: Current | F535: 2025-04-29T14:14:08.000+0000 | G535: =IF(COUNTIF(B:B, B535) > 1, "Duplicate", "Unique") -> Unique
A536: 800Pv00000GEoKIIA1 | B536: a1G4J0000025tqeUAA | C536: Activated | D536: Current | F536: 2025-04-29T14:18:20.000+0000 | G536: =IF(COUNTIF(B:B, B536) > 1, "Duplicate", "Unique") -> Unique
A537: 800Pv00000GEoKJIA1 | B537: a1G4J0000025tqgUAA | C537: Activated | D537: Current | F537: 2025-04-29T14:14:08.000+0000 | G537: =IF(COUNTIF(B:B, B537) > 1, "Duplicate", "Unique") -> Unique
A538: 800Pv00000GEoKKIA1 | B538: a1G4J0000025tqhUAA | C538: Activated | D538: Current | F538: 2025-04-29T14:14:08.000+0000 | G538: =IF(COUNTIF(B:B, B538) > 1, "Duplicate", "Unique") -> Unique
A539: 800Pv00000GEoKLIA1 | B539: a1G4J0000025tqkUAA | C539: Activated | D539: Current | F539: 2025-04-29T14:14:08.000+0000 | G539: =IF(COUNTIF(B:B, B539) > 1, "Duplicate", "Unique") -> Unique
... A1062: 800Pv00000GF02KIAT | B1062: a1G4J0000025u8CUAQ | C1062: Activated | D1062: Current | F1062: 2025-04-29T14:14:10.000+0000 | G1062: =IF(COUNTIF(B:B, B1062) > 1, "Duplicate", "Unique") -> Unique
A1063: 800Pv00000G4x0MIAR | B1063: a1G4J0000025u8DUAQ | C1063: Draft | D1063: Ended | E1063: =IF(I1063=_xlfn.MAXIFS(I:I, B:B, B1063), "Current", "Old") -> Old | F1063: 2025-04-15T14:27:12.000+0000 | G1063: =IF(COUNTIF(B:B, B1063) > 1, "Duplicate", "Unique") -> Duplicate | H1063: =COUNTIF(B:B, B1063) -> 2 | I1063: =--SUBSTITUTE(LEFT(F1063,19),"T"," ") -> 45762.602
A1064: 800Pv00000GF0HIIA1 | B1064: a1G4J0000025u8DUAQ | C1064: Activated | D1064: Current | E1064: =IF(I1064=_xlfn.MAXIFS(I:I, B:B, B1064), "Current", "Old") -> Current | F1064: 2025-04-29T14:14:10.000+0000 | G1064: =IF(COUNTIF(B:B, B1064) > 1, "Duplicate", "Unique") -> Duplicate | H1064: =COUNTIF(B:B, B1064) -> 2 | I1064: =--SUBSTITUTE(LEFT(F1064,19),"T"," ") -> 45776.593
A1065: 800Pv00000GF02LIAT | B1065: a1G4J0000025u8EUAQ | C1065: Activated | D1065: Current | F1065: 2025-04-29T14:14:10.000+0000 | G1065: =IF(COUNTIF(B:B, B1065) > 1, "Duplicate", "Unique") -> Unique
A1066: 800Pv00000G55PTIAZ | B1066: a1G4J0000025u8FUAQ | C1066: Activated | D1066: Current | F1066: 2025-04-29T14:14:10.000+0000 | G1066: =IF(COUNTIF(B:B, B1066) > 1, "Duplicate", "Unique") -> Unique
A1067: 800Pv00000FzrYPIAZ | B1067: a1G4J0000025u8LUAQ | C1067: Activated | D1067: Current | F1067: 2025-04-29T14:14:10.000+0000 | G1067: =IF(COUNTIF(B:B, B1067) > 1, "Duplicate", "Unique") -> Unique
A1068: 800Pv00000GF02MIAT | B1068: a1G4J0000025u8MUAQ | C1068: Activated | D1068: Current | F1068: 2025-04-29T14:14:10.000+0000 | G1068: =IF(COUNTIF(B:B, B1068) > 1, "Duplicate", "Unique") -> Unique
A1069: 800Pv00000GF02NIAT | B1069: a1G4J0000025u8NUAQ | C1069: Activated | D1069: Current | F1069: 2025-04-29T14:14:10.000+0000 | G1069: =IF(COUNTIF(B:B, B1069) > 1, "Duplicate", "Unique") -> Unique
A1070: 800Pv00000GF0HJIA1 | B1070: a1G4J0000025u8OUAQ | C1070: Activated | D1070: Current | F1070: 2025-04-29T14:14:10.000+0000 | G1070: =IF(COUNTIF(B:B, B1070) > 1, "Duplicate", "Unique") -> Unique
A1071: 800Pv00000GF02OIAT | B1071: a1G4J0000025u8PUAQ | C1071: Activated | D1071: Current | F1071: 2025-04-29T14:14:10.000+0000 | G1071: =IF(COUNTIF(B:B, B1071) > 1, "Duplicate", "Unique") -> Unique
A1072: 800Pv00000GF02PIAT | B1072: a1G4J0000025u8QUAQ | C1072: Activated | D1072: Current | F1072: 2025-04-29T14:14:10.000+0000 | G1072: =IF(COUNTIF(B:B, B1072) > 1, "Duplicate", "Unique") -> Unique
A1073: 800Pv00000GF02QIAT | B1073: a1G4J0000025u8RUAQ | C1073: Activated | D1073: Current | F1073: 2025-04-29T14:14:10.000+0000 | G1073: =IF(COUNTIF(B:B, B1073) > 1, "Duplicate", "Unique") -> Unique
A1074: 800Pv00000GF02RIAT | B1074: a1G4J0000025u8TUAQ | C1074: Activated | D1074: Current | F1074: 2025-04-29T14:14:10.000+0000 | G1074: =IF(COUNTIF(B:B, B1074) > 1, "Duplicate", "Unique") -> Unique
A1075: 800Pv00000FzrYVIAZ | B1075: a1G4J0000025u8VUAQ | C1075: Activated | D1075: Current | F1075: 2025-04-29T14:14:10.000+0000 | G1075: =IF(COUNTIF(B:B, B1075) > 1, "Duplicate", "Unique") -> Unique
A1076: 800Pv00000GF02SIAT | B1076: a1G4J0000025u8WUAQ | C1076: Activated | D1076: Current | F1076: 2025-04-29T14:14:10.000+0000 | G1076: =IF(COUNTIF(B:B, B1076) > 1, "Duplicate", "Unique") -> Unique
... A1266: 800Pv00000GF04LIAT | B1266: a1G4J0000025uEqUAI | C1266: Activated | D1266: Current | F1266: 2025-04-29T14:14:11.000+0000 | G1266: =IF(COUNTIF(B:B, B1266) > 1, "Duplicate", "Unique") -> Unique
A1267: 800Pv00000G4x0OIAR | B1267: a1G4J0000025uErUAI | C1267: Draft | D1267: Ended | E1267: =IF(I1267=_xlfn.MAXIFS(I:I, B:B, B1267), "Current", "Old") -> Old | F1267: 2025-04-22T18:41:28.000+0000 | G1267: =IF(COUNTIF(B:B, B1267) > 1, "Duplicate", "Unique") -> Duplicate | H1267: =COUNTIF(B:B, B1267) -> 2 | I1267: =--SUBSTITUTE(LEFT(F1267,19),"T"," ") -> 45769.779
A1268: 800Pv00000GOv7DIAT | B1268: a1G4J0000025uErUAI | C1268: Activated | D1268: Current | E1268: =IF(I1268=_xlfn.MAXIFS(I:I, B:B, B1268), "Current", "Old") -> Current | F1268: 2025-04-29T14:14:11.000+0000 | G1268: =IF(COUNTIF(B:B, B1268) > 1, "Duplicate", "Unique") -> Duplicate | H1268: =COUNTIF(B:B, B1268) -> 2 | I1268: =--SUBSTITUTE(LEFT(F1268,19),"T"," ") -> 45776.593
A1269: 800Pv00000GF04MIAT | B1269: a1G4J0000025uEsUAI | C1269: Activated | D1269: Current | F1269: 2025-04-29T14:14:11.000+0000 | G1269: =IF(COUNTIF(B:B, B1269) > 1, "Duplicate", "Unique") -> Unique
A1270: 800Pv00000GF04NIAT | B1270: a1G4J0000025uEtUAI | C1270: Activated | D1270: Current | F1270: 2025-04-29T14:14:11.000+0000 | G1270: =IF(COUNTIF(B:B, B1270) > 1, "Duplicate", "Unique") -> Unique
A1271: 800Pv00000GF04OIAT | B1271: a1G4J0000025uEuUAI | C1271: Activated | D1271: Current | F1271: 2025-04-29T14:14:11.000+0000 | G1271: =IF(COUNTIF(B:B, B1271) > 1, "Duplicate", "Unique") -> Unique
A1272: 800Pv00000GF04PIAT | B1272: a1G4J0000025uEwUAI | C1272: Activated | D1272: Current | F1272: 2025-04-29T14:14:11.000+0000 | G1272: =IF(COUNTIF(B:B, B1272) > 1, "Duplicate", "Unique") -> Unique
A1273: 800Pv00000FzrdLIAR | B1273: a1G4J0000025uF0UAI | C1273: Activated | D1273: Current | F1273: 2025-04-29T14:14:11.000+0000 | G1273: =IF(COUNTIF(B:B, B1273) > 1, "Duplicate", "Unique") -> Unique
A1274: 800Pv00000GF04QIAT | B1274: a1G4J0000025uF1UAI | C1274: Activated | D1274: Current | F1274: 2025-04-29T14:14:11.000+0000 | G1274: =IF(COUNTIF(B:B, B1274) > 1, "Duplicate", "Unique") -> Unique
A1275: 800Pv00000FzrdMIAR | B1275: a1G4J0000025uF6UAI | C1275: Activated | D1275: Current | F1275: 2025-04-29T14:14:11.000+0000 | G1275: =IF(COUNTIF(B:B, B1275) > 1, "Duplicate", "Unique") -> Unique
A1276: 800Pv00000FzsuAIAR | B1276: a1G4J0000025uF9UAI | C1276: Activated | D1276: Current | F1276: 2025-04-29T14:14:11.000+0000 | G1276: =IF(COUNTIF(B:B, B1276) > 1, "Duplicate", "Unique") -> Unique
A1277: 800Pv00000GF0HMIA1 | B1277: a1G4J0000025uFAUAY | C1277: Activated | D1277: Current | F1277: 2025-04-29T14:14:11.000+0000 | G1277: =IF(COUNTIF(B:B, B1277) > 1, "Duplicate", "Unique") -> Unique
A1278: 800Pv00000GF04RIAT | B1278: a1G4J0000025uFBUAY | C1278: Activated | D1278: Current | F1278: 2025-04-29T14:14:11.000+0000 | G1278: =IF(COUNTIF(B:B, B1278) > 1, "Duplicate", "Unique") -> Unique
A1279: 800Pv00000GF0HNIA1 | B1279: a1G4J0000025uFDUAY | C1279: Activated | D1279: Current | F1279: 2025-04-29T14:14:11.000+0000 | G1279: =IF(COUNTIF(B:B, B1279) > 1, "Duplicate", "Unique") -> Unique
A1280: 800Pv00000GF04SIAT | B1280: a1G4J0000025uFFUAY | C1280: Activated | D1280: Current | F1280: 2025-04-29T14:14:11.000+0000 | G1280: =IF(COUNTIF(B:B, B1280) > 1, "Duplicate", "Unique") -> Unique
... A5095: 800Pv00000GF0JMIA1 | B5095: a1G4J0000025wRBUAY | C5095: Activated | D5095: Current | F5095: 2025-04-29T14:14:38.000+0000 | G5095: =IF(COUNTIF(B:B, B5095) > 1, "Duplicate", "Unique") -> Unique
A5096: 800Pv00000GF0JNIA1 | B5096: a1G4J0000025wRDUAY | C5096: Activated | D5096: Current | E5096: =IF(I5096=_xlfn.MAXIFS(I:I, B:B, B5096), "Current", "Old") -> Current | F5096: 2025-04-29T14:11:59.000+0000 | G5096: =IF(COUNTIF(B:B, B5096) > 1, "Duplicate", "Unique") -> Duplicate | H5096: =COUNTIF(B:B, B5096) -> 4 | I5096: =--SUBSTITUTE(LEFT(F5096,19),"T"," ") -> 45776.592
A5097: 800Pv00000G4iMLIAZ | B5097: a1G4J0000025wRDUAY | C5097: Draft | D5097: Ended | E5097: =IF(I5097=_xlfn.MAXIFS(I:I, B:B, B5097), "Current", "Old") -> Old | F5097: 2025-04-15T12:10:00.000+0000 | G5097: =IF(COUNTIF(B:B, B5097) > 1, "Duplicate", "Unique") -> Duplicate | H5097: =COUNTIF(B:B, B5097) -> 4 | I5097: =--SUBSTITUTE(LEFT(F5097,19),"T"," ") -> 45762.507
A5098: 800Pv00000G4sLcIAJ | B5098: a1G4J0000025wRDUAY | C5098: Draft | D5098: Ended | E5098: =IF(I5098=_xlfn.MAXIFS(I:I, B:B, B5098), "Current", "Old") -> Old | F5098: 2025-04-15T12:32:41.000+0000 | G5098: =IF(COUNTIF(B:B, B5098) > 1, "Duplicate", "Unique") -> Duplicate | H5098: =COUNTIF(B:B, B5098) -> 4 | I5098: =--SUBSTITUTE(LEFT(F5098,19),"T"," ") -> 45762.523
A5099: 800Pv00000G4zJqIAJ | B5099: a1G4J0000025wRDUAY | C5099: Draft | D5099: Ended | E5099: =IF(I5099=_xlfn.MAXIFS(I:I, B:B, B5099), "Current", "Old") -> Old | F5099: 2025-04-15T12:43:09.000+0000 | G5099: =IF(COUNTIF(B:B, B5099) > 1, "Duplicate", "Unique") -> Duplicate | H5099: =COUNTIF(B:B, B5099) -> 4 | I5099: =--SUBSTITUTE(LEFT(F5099,19),"T"," ") -> 45762.53
A5100: 800Pv00000GF0JOIA1 | B5100: a1G4J0000025wREUAY | C5100: Activated | D5100: Current | F5100: 2025-04-29T14:15:15.000+0000 | G5100: =IF(COUNTIF(B:B, B5100) > 1, "Duplicate", "Unique") -> Unique
A5101: 800Pv00000G4jVVIAZ | B5101: a1G4J0000025wRIUAY | C5101: Activated | D5101: Current | F5101: 2025-04-29T14:14:38.000+0000 | G5101: =IF(COUNTIF(B:B, B5101) > 1, "Duplicate", "Unique") -> Unique
A5102: 800Pv00000FzsGoIAJ | B5102: a1G4J0000025wRNUAY | C5102: Activated | D5102: Current | F5102: 2025-04-29T14:14:38.000+0000 | G5102: =IF(COUNTIF(B:B, B5102) > 1, "Duplicate", "Unique") -> Unique
A5103: 800Pv00000GF0JPIA1 | B5103: a1G4J0000025wROUAY | C5103: Activated | D5103: Current | F5103: 2025-04-29T14:14:38.000+0000 | G5103: =IF(COUNTIF(B:B, B5103) > 1, "Duplicate", "Unique") -> Unique
A5104: 800Pv00000GF0JQIA1 | B5104: a1G4J0000025wRPUAY | C5104: Activated | D5104: Current | F5104: 2025-04-29T14:14:38.000+0000 | G5104: =IF(COUNTIF(B:B, B5104) > 1, "Duplicate", "Unique") -> Unique
A5105: 800Pv00000GF12bIAD | B5105: a1G4J0000025wRQUAY | C5105: Activated | D5105: Current | F5105: 2025-04-29T14:14:38.000+0000 | G5105: =IF(COUNTIF(B:B, B5105) > 1, "Duplicate", "Unique") -> Unique
A5106: 800Pv00000GF12cIAD | B5106: a1G4J0000025wRSUAY | C5106: Activated | D5106: Current | F5106: 2025-04-29T14:14:38.000+0000 | G5106: =IF(COUNTIF(B:B, B5106) > 1, "Duplicate", "Unique") -> Unique
A5107: 800Pv00000GF12dIAD | B5107: a1G4J0000025wRXUAY | C5107: Activated | D5107: Current | F5107: 2025-04-29T14:14:38.000+0000 | G5107: =IF(COUNTIF(B:B, B5107) > 1, "Duplicate", "Unique") -> Unique
A5108: 800Pv00000GF12eIAD | B5108: a1G4J0000025wRcUAI | C5108: Activated | D5108: Current | F5108: 2025-04-29T14:14:38.000+0000 | G5108: =IF(COUNTIF(B:B, B5108) > 1, "Duplicate", "Unique") -> Unique
A5109: 800Pv00000GF12fIAD | B5109: a1G4J0000025wRdUAI | C5109: Activated | D5109: Current | F5109: 2025-04-29T14:14:38.000+0000 | G5109: =IF(COUNTIF(B:B, B5109) > 1, "Duplicate", "Unique") -> Unique
A5110: 800Pv00000G570uIAB | B5110: a1G4J0000025wRhUAI | C5110: Activated | D5110: Current | F5110: 2025-04-29T14:14:38.000+0000 | G5110: =IF(COUNTIF(B:B, B5110) > 1, "Duplicate", "Unique") -> Unique
A5111: 800Pv00000GF12gIAD | B5111: a1G4J0000025wRiUAI | C5111: Activated | D5111: Current | F5111: 2025-04-29T14:14:38.000+0000 | G5111: =IF(COUNTIF(B:B, B5111) > 1, "Duplicate", "Unique") -> Unique
... A6018: 800Pv00000GEkOCIA1 | B6018: a1G4J0000025wxyUAA | C6018: Activated | D6018: Current | F6018: 2025-04-29T14:14:41.000+0000 | G6018: =IF(COUNTIF(B:B, B6018) > 1, "Duplicate", "Unique") -> Unique
A6019: 800Pv00000G4x0YIAR | B6019: a1G4J0000025wy1UAA | C6019: Draft | D6019: Ended | E6019: =IF(I6019=_xlfn.MAXIFS(I:I, B:B, B6019), "Current", "Old") -> Old | F6019: 2025-04-15T14:27:12.000+0000 | G6019: =IF(COUNTIF(B:B, B6019) > 1, "Duplicate", "Unique") -> Duplicate | H6019: =COUNTIF(B:B, B6019) -> 2 | I6019: =--SUBSTITUTE(LEFT(F6019,19),"T"," ") -> 45762.602
A6020: 800Pv00000GF1rZIAT | B6020: a1G4J0000025wy1UAA | C6020: Activated | D6020: Current | E6020: =IF(I6020=_xlfn.MAXIFS(I:I, B:B, B6020), "Current", "Old") -> Current | F6020: 2025-04-29T14:14:41.000+0000 | G6020: =IF(COUNTIF(B:B, B6020) > 1, "Duplicate", "Unique") -> Duplicate | H6020: =COUNTIF(B:B, B6020) -> 2 | I6020: =--SUBSTITUTE(LEFT(F6020,19),"T"," ") -> 45776.594
A6021: 800Pv00000G54fsIAB | B6021: a1G4J0000025wy4UAA | C6021: Activated | D6021: Current | F6021: 2025-04-29T14:11:58.000+0000 | G6021: =IF(COUNTIF(B:B, B6021) > 1, "Duplicate", "Unique") -> Unique
A6022: 800Pv00000G54ftIAB | B6022: a1G4J0000025wy5UAA | C6022: Activated | D6022: Current | F6022: 2025-04-29T14:11:58.000+0000 | G6022: =IF(COUNTIF(B:B, B6022) > 1, "Duplicate", "Unique") -> Unique
A6023: 800Pv00000GF1raIAD | B6023: a1G4J0000025wy8UAA | C6023: Activated | D6023: Current | F6023: 2025-04-29T14:14:41.000+0000 | G6023: =IF(COUNTIF(B:B, B6023) > 1, "Duplicate", "Unique") -> Unique
A6024: 800Pv00000GEkODIA1 | B6024: a1G4J0000025wy9UAA | C6024: Activated | D6024: Current | F6024: 2025-04-29T14:15:15.000+0000 | G6024: =IF(COUNTIF(B:B, B6024) > 1, "Duplicate", "Unique") -> Unique
A6025: 800Pv00000GEkOEIA1 | B6025: a1G4J0000025wyAUAQ | C6025: Activated | D6025: Current | F6025: 2025-04-29T14:14:41.000+0000 | G6025: =IF(COUNTIF(B:B, B6025) > 1, "Duplicate", "Unique") -> Unique
A6026: 800Pv00000GEkOFIA1 | B6026: a1G4J0000025wyBUAQ | C6026: Activated | D6026: Current | F6026: 2025-04-29T14:14:41.000+0000 | G6026: =IF(COUNTIF(B:B, B6026) > 1, "Duplicate", "Unique") -> Unique
A6027: 800Pv00000G56iiIAB | B6027: a1G4J0000025wyCUAQ | C6027: Activated | D6027: Current | F6027: 2025-04-29T14:15:15.000+0000 | G6027: =IF(COUNTIF(B:B, B6027) > 1, "Duplicate", "Unique") -> Unique
A6028: 800Pv00000G4x0ZIAR | B6028: a1G4J0000025wyHUAQ | C6028: Activated | D6028: Current | F6028: 2025-04-29T14:11:58.000+0000 | G6028: =IF(COUNTIF(B:B, B6028) > 1, "Duplicate", "Unique") -> Unique
A6029: 800Pv00000G4jVuIAJ | B6029: a1G4J0000025wyJUAQ | C6029: Activated | D6029: Current | F6029: 2025-04-29T14:14:41.000+0000 | G6029: =IF(COUNTIF(B:B, B6029) > 1, "Duplicate", "Unique") -> Unique
A6030: 800Pv00000GEkOGIA1 | B6030: a1G4J0000025wyKUAQ | C6030: Activated | D6030: Current | F6030: 2025-04-29T14:14:41.000+0000 | G6030: =IF(COUNTIF(B:B, B6030) > 1, "Duplicate", "Unique") -> Unique
A6031: 800Pv00000G4jVvIAJ | B6031: a1G4J0000025wyMUAQ | C6031: Activated | D6031: Current | F6031: 2025-04-29T14:11:58.000+0000 | G6031: =IF(COUNTIF(B:B, B6031) > 1, "Duplicate", "Unique") -> Unique
A6032: 800Pv00000Fzo4FIAR | B6032: a1G4J0000025wyNUAQ | C6032: Activated | D6032: Current | F6032: 2025-04-29T14:11:58.000+0000 | G6032: =IF(COUNTIF(B:B, B6032) > 1, "Duplicate", "Unique") -> Unique
... A6152: 800Pv00000GF1rcIAD | B6152: a1G4J0000025x0uUAA | C6152: Activated | D6152: Current | F6152: 2025-04-29T14:15:15.000+0000 | G6152: =IF(COUNTIF(B:B, B6152) > 1, "Duplicate", "Unique") -> Unique
A6153: 800Pv00000GF1rdIAD | B6153: a1G4J0000025x0wUAA | C6153: Activated | D6153: Current | E6153: =IF(I6153=_xlfn.MAXIFS(I:I, B:B, B6153), "Current", "Old") -> Current | F6153: 2025-04-29T14:11:58.000+0000 | G6153: =IF(COUNTIF(B:B, B6153) > 1, "Duplicate", "Unique") -> Duplicate | H6153: =COUNTIF(B:B, B6153) -> 2 | I6153: =--SUBSTITUTE(LEFT(F6153,19),"T"," ") -> 45776.592
A6154: 800Pv00000G4x0aIAB | B6154: a1G4J0000025x0wUAA | C6154: Draft | D6154: Ended | E6154: =IF(I6154=_xlfn.MAXIFS(I:I, B:B, B6154), "Current", "Old") -> Old | F6154: 2025-04-15T14:26:16.000+0000 | G6154: =IF(COUNTIF(B:B, B6154) > 1, "Duplicate", "Unique") -> Duplicate | H6154: =COUNTIF(B:B, B6154) -> 2 | I6154: =--SUBSTITUTE(LEFT(F6154,19),"T"," ") -> 45762.602
A6155: 800Pv00000G51M3IAJ | B6155: a1G4J0000025x0xUAA | C6155: Activated | D6155: Current | F6155: 2025-04-29T14:11:58.000+0000 | G6155: =IF(COUNTIF(B:B, B6155) > 1, "Duplicate", "Unique") -> Unique
A6156: 800Pv00000GEtDuIAL | B6156: a1G4J0000025x0yUAA | C6156: Activated | D6156: Current | F6156: 2025-04-29T14:14:41.000+0000 | G6156: =IF(COUNTIF(B:B, B6156) > 1, "Duplicate", "Unique") -> Unique
A6157: 800Pv00000GF1reIAD | B6157: a1G4J0000025x11UAA | C6157: Activated | D6157: Current | F6157: 2025-04-29T14:11:58.000+0000 | G6157: =IF(COUNTIF(B:B, B6157) > 1, "Duplicate", "Unique") -> Unique
A6158: 800Pv00000G4vlkIAB | B6158: a1G4J0000025x12UAA | C6158: Activated | D6158: Current | F6158: 2025-04-29T14:11:58.000+0000 | G6158: =IF(COUNTIF(B:B, B6158) > 1, "Duplicate", "Unique") -> Unique
...

Sheet Mappings
A1: Id | B1: PMS_Reference__c | C1: Test | F1: Id | G1: Unit__r.Name | I1: Id | K1: Id | L1: StartDate | N1: Id | O1: Tenancy_End_Date__c | Q1: Unit Name | R1: Start Date | S1: End Date
A2: 800Pv00000FHJTrIAP | B2: 122601026007 | C2: 800Pv00000FHJTrIAP | D2: =VLOOKUP(C2, Mappings!A:B, 2, FALSE) -> 122601026007 | F2: 800Pv00000FHJTrIAP | G2: Flat 24, Cooke Place, Block E, Salford, M5 | I2: 800Pv00000FHJTrIAP | K2: 800Pv00000FHJTrIAP | L2: 45731 | N2: 800Pv00000FHJTrIAP | Q2: =VLOOKUP(F2, Mappings!F:G, 2, FALSE) -> Flat 24, Cooke Place, Block E, Salford, M5 | R2: =VLOOKUP(K2, Mappings!K:L, 2, FALSE) -> 45731 | S2: =VLOOKUP(N2, Mappings!N:O, 2, FALSE) -> 0
A3: 800Pv00000Fsyg6IAB | B3: pmsuatsmoke | C3: 800Pv00000Fsyg6IAB | D3: =VLOOKUP(C3, Mappings!A:B, 2, FALSE) -> pmsuatsmoke | F3: 800Pv00000Fsyg6IAB | G3: 6, Fernside Court, Holders Hill Road, Hendon, | I3: 800Pv00000Fsyg6IAB | K3: 800Pv00000Fsyg6IAB | L3: 45778 | N3: 800Pv00000Fsyg6IAB | O3: 46507 | R3: =VLOOKUP(K3, Mappings!K:L, 2, FALSE) -> 45778 | S3: =VLOOKUP(N3, Mappings!N:O, 2, FALSE) -> 46507
A4: 800Pv00000FzYkEIAV | B4: 127690001001 | C4: 800Pv00000FzYkEIAV | D4: =VLOOKUP(C4, Mappings!A:B, 2, FALSE) -> 127690001001 | F4: 800Pv00000FzYkEIAV | G4: GR-Brookfield Cottage, Liverpool, L17 | I4: 800Pv00000FzYkEIAV | K4: 800Pv00000FzYkEIAV | L4: 45317 | N4: 800Pv00000FzYkEIAV | R4: =VLOOKUP(K4, Mappings!K:L, 2, FALSE) -> 45317
A5: 800Pv00000FzkYUIAZ | B5: 122486038005 | C5: 800Pv00000FzkYUIAZ | D5: =VLOOKUP(C5, Mappings!A:B, 2, FALSE) -> 122486038005 | F5: 800Pv00000FzkYUIAZ | G5: Apt 302, Abbeville Apts, 37 London Rd, Barkin | I5: 800Pv00000FzkYUIAZ | K5: 800Pv00000FzkYUIAZ | L5: 45240 | N5: 800Pv00000FzkYUIAZ | O5: 45605 | R5: =VLOOKUP(K5, Mappings!K:L, 2, FALSE) -> 45240
A6: 800Pv00000FzoWSIAZ | B6: 317463001002 | C6: 800Pv00000FzoWSIAZ | D6: =VLOOKUP(C6, Mappings!A:B, 2, FALSE) -> 317463001002 | F6: 800Pv00000FzoWSIAZ | G6: Flat 1, Middleton Hse, Causton St, SW1P 4AS | I6: 800Pv00000FzoWSIAZ | K6: 800Pv00000FzoWSIAZ | L6: 38718 | N6: 800Pv00000FzoWSIAZ | O6: 84372 | R6: =VLOOKUP(K6, Mappings!K:L, 2, FALSE) -> 38718
A7: 800Pv00000Fzpt9IAB | B7: 222583094004 | C7: 800Pv00000Fzpt9IAB | D7: =VLOOKUP(C7, Mappings!A:B, 2, FALSE) -> 222583094004 | F7: 800Pv00000Fzpt9IAB | G7: Parking C2 Tayleur Apt, Salford M50 | I7: 800Pv00000Fzpt9IAB | K7: 800Pv00000Fzpt9IAB | L7: 45348 | N7: 800Pv00000Fzpt9IAB | O7: 45560 | R7: =VLOOKUP(K7, Mappings!K:L, 2, FALSE) -> 45348
A8: 800Pv00000FzptBIAR | B8: 222580003004 | F8: 800Pv00000FzptBIAR | G8: 103 Tayleur Apt , Waterman Wlk, Salford M50 | I8: 800Pv00000FzptBIAR | K8: 800Pv00000FzptBIAR | L8: 45014 | N8: 800Pv00000FzptBIAR | O8: 45744 | R8: =VLOOKUP(K8, Mappings!K:L, 2, FALSE) -> 45014
A9: 800Pv00000G4iMLIAZ | B9: pms128999 | F9: 800Pv00000G4iMLIAZ | G9: 140a, Tanfield Avenue, Neasden, London | I9: 800Pv00000G4iMLIAZ | K9: 800Pv00000G4iMLIAZ | L9: 45778 | N9: 800Pv00000G4iMLIAZ | O9: 46507 | R9: =VLOOKUP(K9, Mappings!K:L, 2, FALSE) -> 45778
A10: 800Pv00000G4jS4IAJ | B10: sdfghu565432 | F10: 800Pv00000G4jS4IAJ | G10: 6, Fernside Court, Holders Hill Road, Hendon, | I10: 800Pv00000G4jS4IAJ | K10: 800Pv00000G4jS4IAJ | L10: 45778 | N10: 800Pv00000G4jS4IAJ | O10: 46507 | R10: =VLOOKUP(K10, Mappings!K:L, 2, FALSE) -> 45778
A11: 800Pv00000G4ok1IAB | B11: 127166001001 | F11: 800Pv00000G4ok1IAB | G11: 22 Nevinson Way, Waterlooville, Hampshire | I11: 800Pv00000G4ok1IAB | K11: 800Pv00000G4ok1IAB | L11: 43882 | N11: 800Pv00000G4ok1IAB | R11: =VLOOKUP(K11, Mappings!K:L, 2, FALSE) -> 43882
A12: 800Pv00000G4ok4IAB | B12: 127057116002 | F12: 800Pv00000G4ok4IAB | G12: GR-Apt 117, Kings Dock Mill, Liverpool, L1 | I12: 800Pv00000G4ok4IAB | K12: 800Pv00000G4ok4IAB | L12: 39420 | N12: 800Pv00000G4ok4IAB | O12: 94203 | R12: =VLOOKUP(K12, Mappings!K:L, 2, FALSE) -> 39420
A13: 800Pv00000G4orjIAB | B13: 222521059004 | F13: 800Pv00000G4orjIAB | G13: 59, New Islington, 43 Chippenham Road, M4 6BY | I13: 800Pv00000G4orjIAB | K13: 800Pv00000G4orjIAB | L13: 45481 | N13: 800Pv00000G4orjIAB | O13: 45845 | R13: =VLOOKUP(K13, Mappings!K:L, 2, FALSE) -> 45481
A14: 800Pv00000G4os9IAB | B14: 222659075002 | F14: 800Pv00000G4os9IAB | G14: 75 Gatehouse Apts, 86 East St, Southampton | I14: 800Pv00000G4os9IAB | K14: 800Pv00000G4os9IAB | L14: 45471 | N14: 800Pv00000G4os9IAB | O14: 45835 | R14: =VLOOKUP(K14, Mappings!K:L, 2, FALSE) -> 45471
A15: 800Pv00000G4osYIAR | B15: 222579004002 | F15: 800Pv00000G4osYIAR | G15: 104 Torrens Apt, Waterman Wlk, Salford M50 | I15: 800Pv00000G4osYIAR | K15: 800Pv00000G4osYIAR | L15: 45481 | N15: 800Pv00000G4osYIAR | O15: 45845 | R15: =VLOOKUP(K15, Mappings!K:L, 2, FALSE) -> 45481
A16: 800Pv00000G4r6MIAR | B16: 222653003001 | F16: 800Pv00000G4r6MIAR | G16: Unit 3, Halogen House, 217 Chapel St, Salford | I16: 800Pv00000G4r6MIAR | K16: 800Pv00000G4r6MIAR | L16: 45301 | N16: 800Pv00000G4r6MIAR | R16: =VLOOKUP(K16, Mappings!K:L, 2, FALSE) -> 45301
A17: 800Pv00000G4r6VIAR | B17: 222683106001 | F17: 800Pv00000G4r6VIAR | G17: 507 Pin Yard, 11 Sweet Street, Leeds | I17: 800Pv00000G4r6VIAR | K17: 800Pv00000G4r6VIAR | L17: 45465 | N17: 800Pv00000G4r6VIAR | O17: 46194 | R17: =VLOOKUP(K17, Mappings!K:L, 2, FALSE) -> 45465
A18: 800Pv00000G4r73IAB | B18: 222708129001 | F18: 800Pv00000G4r73IAB | G18: 439 Enigma Square, 414 North Row, MK9 2GF | I18: 800Pv00000G4r73IAB | K18: 800Pv00000G4r73IAB | L18: 45481 | N18: 800Pv00000G4r73IAB | O18: 45664 | R18: =VLOOKUP(K18, Mappings!K:L, 2, FALSE) -> 45481
A19: 800Pv00000G4r78IAB | B19: 222708207001 | F19: 800Pv00000G4r78IAB | G19: 639 Enigma Square, 414 North Row, MK9 2GF | I19: 800Pv00000G4r78IAB | K19: 800Pv00000G4r78IAB | L19: 45348 | N19: 800Pv00000G4r78IAB | O19: 45713 | R19: =VLOOKUP(K19, Mappings!K:L, 2, FALSE) -> 45348
A20: 800Pv00000G4r7SIAR | B20: 222741019001 | F20: 800Pv00000G4r7SIAR | G20: 117 Assay Apartments, Station View, Guildford | I20: 800Pv00000G4r7SIAR | K20: 800Pv00000G4r7SIAR | L20: 45488 | N20: 800Pv00000G4r7SIAR | O20: 45852 | R20: =VLOOKUP(K20, Mappings!K:L, 2, FALSE) -> 45488
A21: 800Pv00000G4r7hIAB | B21: 222744075001 | F21: 800Pv00000G4r7hIAB | G21: 75 Nautilus Apts, 2 Norah Smyth Rd, London | I21: 800Pv00000G4r7hIAB | K21: 800Pv00000G4r7hIAB | L21: 45436 | N21: 800Pv00000G4r7hIAB | O21: 45800 | R21: =VLOOKUP(K21, Mappings!K:L, 2, FALSE) -> 45436
A22: 800Pv00000G4rZTIAZ | B22: 222659069002 | F22: 800Pv00000G4rZTIAZ | G22: 69 Gatehouse Apts, 86 East St, Southampton | I22: 800Pv00000G4rZTIAZ | K22: 800Pv00000G4rZTIAZ | L22: 45094 | N22: 800Pv00000G4rZTIAZ | O22: 45459 | R22: =VLOOKUP(K22, Mappings!K:L, 2, FALSE) -> 45094
A23: 800Pv00000G4sJzIAJ | B23: 222630020004 | F23: 800Pv00000G4sJzIAJ | G23: 120, Brook Place Apts, Sheffield, S11 8BR | I23: 800Pv00000G4sJzIAJ | K23: 800Pv00000G4sJzIAJ | L23: 45464 | N23: 800Pv00000G4sJzIAJ | O23: 45828 | R23: =VLOOKUP(K23, Mappings!K:L, 2, FALSE) -> 45464
A24: 800Pv00000G4sLcIAJ | B24: 566576ujhgbv | F24: 800Pv00000G4sLcIAJ | G24: 140a, Tanfield Avenue, Neasden, London | I24: 800Pv00000G4sLcIAJ | K24: 800Pv00000G4sLcIAJ | L24: 45778 | N24: 800Pv00000G4sLcIAJ | O24: 46507 | R24: =VLOOKUP(K24, Mappings!K:L, 2, FALSE) -> 45778
A25: 800Pv00000G4to2IAB | B25: 222488066008 | F25: 800Pv00000G4to2IAB | G25: 67, 124 The Rock, Bury, BL9 | I25: 800Pv00000G4to2IAB | K25: 800Pv00000G4to2IAB | L25: 45493 | N25: 800Pv00000G4to2IAB | O25: 45857 | R25: =VLOOKUP(K25, Mappings!K:L, 2, FALSE) -> 45493
A26: 800Pv00000G4to5IAB | B26: 217371015006 | F26: 800Pv00000G4to5IAB | G26: Apt 32, Kings Dock Mill, Liverpool, L1 | I26: 800Pv00000G4to5IAB | K26: 800Pv00000G4to5IAB | L26: 45485 | N26: 800Pv00000G4to5IAB | O26: 45849 | R26: =VLOOKUP(K26, Mappings!K:L, 2, FALSE) -> 45485
A27: 800Pv00000G4to9IAB | B27: 222648149003 | F27: 800Pv00000G4to9IAB | G27: 1406, Neon House, 207 Chapel St, Salford, M3 | I27: 800Pv00000G4to9IAB | K27: 800Pv00000G4to9IAB | L27: 45502 | N27: 800Pv00000G4to9IAB | O27: 45866 | R27: =VLOOKUP(K27, Mappings!K:L, 2, FALSE) -> 45502
A28: 800Pv00000G4toCIAR | B28: 222522002003 | F28: 800Pv00000G4toCIAR | G28: 2, Ancoats, 2 Butler Street, M4 6BZ | I28: 800Pv00000G4toCIAR | K28: 800Pv00000G4toCIAR | L28: 45464 | N28: 800Pv00000G4toCIAR | O28: 45828 | R28: =VLOOKUP(K28, Mappings!K:L, 2, FALSE) -> 45464
A29: 800Pv00000G4toNIAR | B29: 222580046003 | F29: 800Pv00000G4toNIAR | G29: 508 Tayleur Apt , Waterman Wlk, Salford M50 | I29: 800Pv00000G4toNIAR | K29: 800Pv00000G4toNIAR | L29: 45475 | N29: 800Pv00000G4toNIAR | O29: 45839 | R29: =VLOOKUP(K29, Mappings!K:L, 2, FALSE) -> 45475
A30: 800Pv00000G4toaIAB | B30: 222652088003 | F30: 800Pv00000G4toaIAB | G30: Car Parking 4 - Level 1 Neon | I30: 800Pv00000G4toaIAB | K30: 800Pv00000G4toaIAB | L30: 45289 | N30: 800Pv00000G4toaIAB | O30: 45654 | R30: =VLOOKUP(K30, Mappings!K:L, 2, FALSE) -> 45289
A31: 800Pv00000G4tooIAB | B31: 222648032003 | F31: 800Pv00000G4tooIAB | G31: 413, Neon House, 207 Chapel St, Salford, M3 5 | I31: 800Pv00000G4tooIAB | K31: 800Pv00000G4tooIAB | L31: 45476 | N31: 800Pv00000G4tooIAB | O31: 45840 | R31: =VLOOKUP(K31, Mappings!K:L, 2, FALSE) -> 45476
A32: 800Pv00000G4tovIAB | B32: 222631002007 | F32: 800Pv00000G4tovIAB | G32: Parking 02 Brook Place Apts, Sheffield, S11 | I32: 800Pv00000G4tovIAB | K32: 800Pv00000G4tovIAB | L32: 45474 | N32: 800Pv00000G4tovIAB | O32: 45838 | R32: =VLOOKUP(K32, Mappings!K:L, 2, FALSE) -> 45474
A33: 800Pv00000G4toyIAB | B33: 222578131007 | F33: 800Pv00000G4toyIAB | G33: 907 Ambassador Apt, Waterman Wlk, Salford M50 | I33: 800Pv00000G4toyIAB | K33: 800Pv00000G4toyIAB | L33: 45492 | N33: 800Pv00000G4toyIAB | O33: 45856 | R33: =VLOOKUP(K33, Mappings!K:L, 2, FALSE) -> 45492
A34: 800Pv00000G4tp2IAB | B34: 222578062007 | F34: 800Pv00000G4tp2IAB | G34: 414 Ambassador Apt, Waterman Wlk, Salford M50 | I34: 800Pv00000G4tp2IAB | K34: 800Pv00000G4tp2IAB | L34: 45469 | N34: 800Pv00000G4tp2IAB | O34: 45833 | R34: =VLOOKUP(K34, Mappings!K:L, 2, FALSE) -> 45469
A35: 800Pv00000G4tpDIAR | B35: 418537036001 | F35: 800Pv00000G4tpDIAR | G35: Car Space 8, St Annes Ct, Howard Place, BN1 | I35: 800Pv00000G4tpDIAR | K35: 800Pv00000G4tpDIAR | L35: 45413 | N35: 800Pv00000G4tpDIAR | O35: 45777 | R35: =VLOOKUP(K35, Mappings!K:L, 2, FALSE) -> 45413
A36: 800Pv00000G4tpFIAR | B36: 222630007004 | F36: 800Pv00000G4tpFIAR | G36: 107, Brook Place Apts, Sheffield, S11 8BR | I36: 800Pv00000G4tpFIAR | K36: 800Pv00000G4tpFIAR | L36: 45489 | N36: 800Pv00000G4tpFIAR | O36: 45853 | R36: =VLOOKUP(K36, Mappings!K:L, 2, FALSE) -> 45489
A37: 800Pv00000G4x0LIAR | B37: 103336078001 | F37: 800Pv00000G4x0LIAR | G37: 75, Victoria Court, Southport, Merseyside | I37: 800Pv00000G4x0LIAR | K37: 800Pv00000G4x0LIAR | N37: 800Pv00000G4x0LIAR | R37: =VLOOKUP(K37, Mappings!K:L, 2, FALSE) -> 0
A38: 800Pv00000G4x0MIAR | B38: 104566001002 | F38: 800Pv00000G4x0MIAR | G38: 86, Clementina Road, Leyton, London | I38: 800Pv00000G4x0MIAR | K38: 800Pv00000G4x0MIAR | L38: 45280 | N38: 800Pv00000G4x0MIAR
A39: 800Pv00000G4x0OIAR | B39: 104350004004 | F39: 800Pv00000G4x0OIAR | G39: 12, Chelsea Close, Hampton Hill, Middlesex | I39: 800Pv00000G4x0OIAR | K39: 800Pv00000G4x0OIAR | L39: 45345 | N39: 800Pv00000G4x0OIAR
A40: 800Pv00000G4x0YIAR | B40: 222584001004 | F40: 800Pv00000G4x0YIAR | G40: 1 Woodward House, Waterlooville, PO7 3BP | I40: 800Pv00000G4x0YIAR | K40: 800Pv00000G4x0YIAR | L40: 45426 | N40: 800Pv00000G4x0YIAR
A41: 800Pv00000G4x0aIAB | B41: 122486009004 | F41: 800Pv00000G4x0aIAB | G41: Apt 107, Abbeville Apts, 37 London Rd, Barkin | I41: 800Pv00000G4x0aIAB | K41: 800Pv00000G4x0aIAB | L41: 45471 | N41: 800Pv00000G4x0aIAB | O41: 46200
A42: 800Pv00000G4x0eIAB | B42: 122601026006 | F42: 800Pv00000G4x0eIAB | G42: Flat 24, Cooke Place, Block E, Salford, M5 | I42: 800Pv00000G4x0eIAB | K42: 800Pv00000G4x0eIAB | L42: 45728 | N42: 800Pv00000G4x0eIAB | O42: 46095
A43: 800Pv00000G4x0hIAB | B43: 222580017003 | F43: 800Pv00000G4x0hIAB | G43: 305 Tayleur Apt , Waterman Wlk, Salford M50 | I43: 800Pv00000G4x0hIAB | K43: 800Pv00000G4x0hIAB | L43: 45365 | N43: 800Pv00000G4x0hIAB | O43: 45729
A44: 800Pv00000G4x0nIAB | B44: 222606005002 | F44: 800Pv00000G4x0nIAB | G44: 5 Dorrell Apt, Darbyshire Rd, Aldershot, Hant | I44: 800Pv00000G4x0nIAB | K44: 800Pv00000G4x0nIAB | L44: 45454 | N44: 800Pv00000G4x0nIAB | O44: 45819
A45: 800Pv00000G4x0uIAB | B45: 222581076003 | F45: 800Pv00000G4x0uIAB | G45: 611 Syren Apt , Ottinger Close, Salford M50 | I45: 800Pv00000G4x0uIAB | K45: 800Pv00000G4x0uIAB | L45: 45481 | N45: 800Pv00000G4x0uIAB | O45: 45845
A46: 800Pv00000G4x0vIAB | B46: 222521044005 | F46: 800Pv00000G4x0vIAB | G46: 44, New Islington, 43 Chippenham Road, M4 6BY | I46: 800Pv00000G4x0vIAB | K46: 800Pv00000G4x0vIAB | L46: 45464 | N46: 800Pv00000G4x0vIAB | O46: 45828
A47: 800Pv00000G4x12IAB | B47: 222521035004 | F47: 800Pv00000G4x12IAB | G47: 35, New Islington, 43 Chippenham Road, M4 6BY | I47: 800Pv00000G4x12IAB | K47: 800Pv00000G4x12IAB | L47: 45484 | N47: 800Pv00000G4x12IAB | O47: 45848
A48: 800Pv00000G4x13IAB | B48: 222488030003 | F48: 800Pv00000G4x13IAB | G48: 31, 124 The Rock, Bury, BL9 | I48: 800Pv00000G4x13IAB | K48: 800Pv00000G4x13IAB | L48: 45446 | N48: 800Pv00000G4x13IAB | O48: 45810
A49: 800Pv00000G4x16IAB | B49: 222649026002 | F49: 800Pv00000G4x16IAB | G49: 704, Lamp House, 215 Chapel St, Salford, M3 5 | I49: 800Pv00000G4x16IAB | K49: 800Pv00000G4x16IAB | L49: 45471 | N49: 800Pv00000G4x16IAB | O49: 45835
A50: 800Pv00000G4x17IAB | B50: 222629068004 | F50: 800Pv00000G4x17IAB | G50: Parking 192, Hawkins and George, Bristol BS1 | I50: 800Pv00000G4x17IAB | K50: 800Pv00000G4x17IAB | L50: 45474 | N50: 800Pv00000G4x17IAB | O50: 45838
A51: 800Pv00000G4x18IAB | B51: 222521014001 | F51: 800Pv00000G4x18IAB | G51: 14, New Islington, 43 Chippenham Road, M4 6BY | I51: 800Pv00000G4x18IAB | K51: 800Pv00000G4x18IAB | L51: 45450 | N51: 800Pv00000G4x18IAB | O51: 45814
A52: 800Pv00000G4x1CIAR | B52: 222522003005 | F52: 800Pv00000G4x1CIAR | G52: 3, Ancoats, 2 Butler Street, M4 6BZ | I52: 800Pv00000G4x1CIAR | K52: 800Pv00000G4x1CIAR | L52: 45470 | N52: 800Pv00000G4x1CIAR | O52: 45834
... A62: 800Pv00000G4yscIAB | B62: 222629021002 | F62: 800Pv00000G4yscIAB | G62: Parking 65, Hawkins and George, Bristol BS1 | I62: 800Pv00000G4yscIAB | K62: 800Pv00000G4yscIAB | L62: 45460 | N62: 800Pv00000G4yscIAB | O62: 45824
A63: 800Pv00000G4zJqIAJ | B63: 245364uyjhngbfdgwr | F63: 800Pv00000G4zJqIAJ | G63: 140a, Tanfield Avenue, Neasden, London | I63: 800Pv00000G4zJqIAJ | K63: 800Pv00000G4zJqIAJ | L63: 45778 | N63: 800Pv00000G4zJqIAJ | O63: 46507
A64: 800Pv00000G4zWsIAJ | B64: 222489030003 | F64: 800Pv00000G4zWsIAJ | G64: 31, 112 The Rock, Bury, BL9 | I64: 800Pv00000G4zWsIAJ | K64: 800Pv00000G4zWsIAJ | L64: 44848 | N64: 800Pv00000G4zWsIAJ | O64: 45578
A65: 800Pv00000G51aIIAR | B65: 127057205008 | F65: 800Pv00000G51aIIAR | G65: Bay 13, Kings Dock Mill, Liverpool, L1 | I65: 800Pv00000G51aIIAR | K65: 800Pv00000G51aIIAR | L65: 45392 | N65: 800Pv00000G51aIIAR | O65: 45756
A66: 800Pv00000G51aoIAB | B66: 217371025008 | F66: 800Pv00000G51aoIAB | G66: Apt 53, Kings Dock Mill, Liverpool, L1 | I66: 800Pv00000G51aoIAB | K66: 800Pv00000G51aoIAB | L66: 45330 | N66: 800Pv00000G51aoIAB | O66: 45695
A67: 800Pv00000G52ksIAB | B67: 418553004004 | F67: 800Pv00000G52ksIAB | G67: Flat 4, 49 Vincent Square | I67: 800Pv00000G52ksIAB | K67: 800Pv00000G52ksIAB | L67: 45334 | N67: 800Pv00000G52ksIAB | O67: 45699
A68: 800Pv00000G53CuIAJ | B68: 127483072002 | F68: 800Pv00000G53CuIAJ | G68: 72 Poppy Apartments, E16 2YH | I68: 800Pv00000G53CuIAJ | K68: 800Pv00000G53CuIAJ | L68: 45267 | N68: 800Pv00000G53CuIAJ | O68: 45632
A69: 800Pv00000G53beIAB | B69: 222700028001 | F69: 800Pv00000G53beIAB | G69: 28 Farrow House, 6 Station Approach, Newbury | I69: 800Pv00000G53beIAB | K69: 800Pv00000G53beIAB | L69: 45226 | N69: 800Pv00000G53beIAB | O69: 45591
A70: 800Pv00000G54GRIAZ | B70: 222531002001 | F70: 800Pv00000G54GRIAZ | G70: Car Park Bay 47, Carey Lane | I70: 800Pv00000G54GRIAZ | K70: 800Pv00000G54GRIAZ | L70: 44646 | N70: 800Pv00000G54GRIAZ
A71: 800Pv00000G54GmIAJ | B71: 222577002001 | F71: 800Pv00000G54GmIAJ | G71: Clippers - Unit 1 Zerega Way M50 | I71: 800Pv00000G54GmIAJ | K71: 800Pv00000G54GmIAJ | L71: 45838 | N71: 800Pv00000G54GmIAJ | O71: 53142
A72: 800Pv00000G55W2IAJ | B72: 222748056002 | F72: 800Pv00000G55W2IAJ | G72: 5.31 MSCP, 5 Capital Quarter, Tyndall St, | I72: 800Pv00000G55W2IAJ | K72: 800Pv00000G55W2IAJ | L72: 45412 | N72: 800Pv00000G55W2IAJ | O72: 45776
A73: 800Pv00000G55WIIAZ | B73: 222760031001 | F73: 800Pv00000G55WIIAZ | G73: Parking space 31, 23 Queens Road, Nottingham | I73: 800Pv00000G55WIIAZ | K73: 800Pv00000G55WIIAZ | L73: 45485 | N73: 800Pv00000G55WIIAZ | O73: 45668
A74: 800Pv00000G55XmIAJ | B74: 418549023005 | F74: 800Pv00000G55XmIAJ | G74: 2H Shillington Old School | I74: 800Pv00000G55XmIAJ | K74: 800Pv00000G55XmIAJ | L74: 45463 | N74: 800Pv00000G55XmIAJ | O74: 45827
A75: 800Pv00000G55YQIAZ | B75: 222677045004 | F75: 800Pv00000G55YQIAZ | G75: 306 West, The Forge, Newcastle, NE1 3AJ | I75: 800Pv00000G55YQIAZ | K75: 800Pv00000G55YQIAZ | L75: 45513 | N75: 800Pv00000G55YQIAZ | O75: 45696
A76: 800Pv00000G564BIAR | B76: 217371104005 | F76: 800Pv00000G564BIAR | G76: Apt 172, Kings Dock Mill, Liverpool, L1 | I76: 800Pv00000G564BIAR | K76: 800Pv00000G564BIAR | L76: 45100 | N76: 800Pv00000G564BIAR | O76: 45465
A77: 800Pv00000G56TGIAZ | B77: 222521008005 | F77: 800Pv00000G56TGIAZ | G77: 8, New Islington, 43 Chippenham Road, M4 6BY | I77: 800Pv00000G56TGIAZ | K77: 800Pv00000G56TGIAZ | L77: 45503 | N77: 800Pv00000G56TGIAZ | O77: 45867
A78: 800Pv00000G56jTIAR | B78: 222578111005 | F78: 800Pv00000G56jTIAR | G78: 709 Ambassador Apt, Waterman Wlk, Salford M50 | I78: 800Pv00000G56jTIAR | K78: 800Pv00000G56jTIAR | L78: 45481 | N78: 800Pv00000G56jTIAR | O78: 45845
A79: 800Pv00000G56rhIAB | B79: 317565004006 | F79: 800Pv00000G56rhIAB | G79: 57D Ufford Street, London, SE1 8QB | I79: 800Pv00000G56rhIAB | K79: 800Pv00000G56rhIAB | L79: 45465 | N79: 800Pv00000G56rhIAB | O79: 45829
A80: 800Pv00000G56rnIAB | B80: 222664015004 | F80: 800Pv00000G56rnIAB | G80: 206 Windlass Apartments, 4 Hale Wharf, N17 | I80: 800Pv00000G56rnIAB | K80: 800Pv00000G56rnIAB | L80: 45464 | N80: 800Pv00000G56rnIAB | O80: 45828
A81: 800Pv00000G56sCIAR | B81: 222677002003 | F81: 800Pv00000G56sCIAR | G81: 002 West, The Forge, Newcastle, NE1 3AJ | I81: 800Pv00000G56sCIAR | K81: 800Pv00000G56sCIAR | L81: 45464 | N81: 800Pv00000G56sCIAR | O81: 45829
A82: 800Pv00000G57hBIAR | B82: 222578135005 | F82: 800Pv00000G57hBIAR | G82: 911 Ambassador Apt, Waterman Wlk, Salford M50 | I82: 800Pv00000G57hBIAR | K82: 800Pv00000G57hBIAR | L82: 45474 | N82: 800Pv00000G57hBIAR | O82: 45838
... A98: 800Pv00000GEoLPIA1 | B98: 222630074003 | F98: 800Pv00000GEoLPIA1 | G98: 306, Brook Place Apts, Sheffield, S11 8BS | I98: 800Pv00000GEoLPIA1 | K98: 800Pv00000GEoLPIA1 | L98: 45477 | N98: 800Pv00000GEoLPIA1 | O98: 45841
A99: 800Pv00000GEodVIAT | B99: 103336078002 | F99: 800Pv00000GEodVIAT | G99: 75, Victoria Court, Southport, Merseyside | I99: 800Pv00000GEodVIAT | K99: 800Pv00000GEodVIAT | L99: 28665 | N99: 800Pv00000GEodVIAT
A100: 800Pv00000GEqyAIAT | B100: 127166001004 | F100: 800Pv00000GEqyAIAT | G100: 22 Nevinson Way, Waterlooville, Hampshire | I100: 800Pv00000GEqyAIAT | K100: 800Pv00000GEqyAIAT | L100: 43882 | N100: 800Pv00000GEqyAIAT | O100: 46073
A101: 800Pv00000GEqyGIAT | B101: 127057116001 | F101: 800Pv00000GEqyGIAT | G101: GR-Apt 117, Kings Dock Mill, Liverpool, L1 | I101: 800Pv00000GEqyGIAT | K101: 800Pv00000GEqyGIAT | N101: 800Pv00000GEqyGIAT
A102: 800Pv00000GEtDzIAL | B102: 122486038003 | F102: 800Pv00000GEtDzIAL | G102: Apt 302, Abbeville Apts, 37 London Rd, Barkin | I102: 800Pv00000GEtDzIAL | K102: 800Pv00000GEtDzIAL | L102: 45240 | N102: 800Pv00000GEtDzIAL | O102: 45605
A103: 800Pv00000GEuaQIAT | B103: 217371104004 | F103: 800Pv00000GEuaQIAT | G103: Apt 172, Kings Dock Mill, Liverpool, L1 | I103: 800Pv00000GEuaQIAT | K103: 800Pv00000GEuaQIAT | L103: 45100 | N103: 800Pv00000GEuaQIAT | O103: 45465
A104: 800Pv00000GEuuTIAT | B104: 222683106002 | F104: 800Pv00000GEuuTIAT | G104: 507 Pin Yard, 11 Sweet Street, Leeds | I104: 800Pv00000GEuuTIAT | K104: 800Pv00000GEuuTIAT | L104: 45465 | N104: 800Pv00000GEuuTIAT | O104: 46194
A105: 800Pv00000GEvlwIAD | B105: 222531002002 | F105: 800Pv00000GEvlwIAD | G105: Car Park Bay 47, Carey Lane | I105: 800Pv00000GEvlwIAD | K105: 800Pv00000GEvlwIAD | L105: 44646 | N105: 800Pv00000GEvlwIAD | O105: 45010
A106: 800Pv00000GEwBlIAL | B106: 317565004005 | F106: 800Pv00000GEwBlIAL | G106: 57D Ufford Street, London, SE1 8QB | I106: 800Pv00000GEwBlIAL | K106: 800Pv00000GEwBlIAL | L106: 45465 | N106: 800Pv00000GEwBlIAL | O106: 45829
A107: 800Pv00000GEwC3IAL | B107: 222664015003 | F107: 800Pv00000GEwC3IAL | G107: 206 Windlass Apartments, 4 Hale Wharf, N17 | I107: 800Pv00000GEwC3IAL | K107: 800Pv00000GEwC3IAL | L107: 45464 | N107: 800Pv00000GEwC3IAL | O107: 45828
A108: 800Pv00000GExXCIA1 | B108: 222630216005 | F108: 800Pv00000GExXCIA1 | G108: 712, Brook Place Apts, Sheffield, S11 8DA | I108: 800Pv00000GExXCIA1 | K108: 800Pv00000GExXCIA1 | L108: 45475 | N108: 800Pv00000GExXCIA1 | O108: 45839
A109: 800Pv00000GExY7IAL | B109: 418576042004 | F109: 800Pv00000GExY7IAL | G109: Flat 41 Ability Plaza, London, E8 | I109: 800Pv00000GExY7IAL | K109: 800Pv00000GExY7IAL | L109: 45405 | N109: 800Pv00000GExY7IAL | O109: 45769
A110: 800Pv00000GEyzHIAT | B110: 222648149004 | F110: 800Pv00000GEyzHIAT | G110: 1406, Neon House, 207 Chapel St, Salford, M3 | I110: 800Pv00000GEyzHIAT | K110: 800Pv00000GEyzHIAT | L110: 45502 | N110: 800Pv00000GEyzHIAT | O110: 45866
A111: 800Pv00000GEyzqIAD | B111: 222580046004 | F111: 800Pv00000GEyzqIAD | G111: 508 Tayleur Apt , Waterman Wlk, Salford M50 | I111: 800Pv00000GEyzqIAD | K111: 800Pv00000GEyzqIAD | L111: 45475 | N111: 800Pv00000GEyzqIAD | O111: 45839
A112: 800Pv00000GEyzuIAD | B112: 222583094005 | F112: 800Pv00000GEyzuIAD | G112: Parking C2 Tayleur Apt, Salford M50 | I112: 800Pv00000GEyzuIAD | K112: 800Pv00000GEyzuIAD | L112: 45348 | N112: 800Pv00000GEyzuIAD | O112: 45560
A113: 800Pv00000GEz9mIAD | B113: 217371025007 | F113: 800Pv00000GEz9mIAD | G113: Apt 53, Kings Dock Mill, Liverpool, L1 | I113: 800Pv00000GEz9mIAD | K113: 800Pv00000GEz9mIAD | L113: 45330 | N113: 800Pv00000GEz9mIAD | O113: 45695
... A141: 800Pv00000GF2bPIAT | B141: 418570005002 | F141: 800Pv00000GF2bPIAT | G141: 5, Bishopscourt, 6, Radcliffe Road, Surrey | I141: 800Pv00000GF2bPIAT | K141: 800Pv00000GF2bPIAT | L141: 45352 | N141: 800Pv00000GF2bPIAT | O141: 45716
A142: 800Pv00000GF2wVIAT | B142: 317463001009 | F142: 800Pv00000GF2wVIAT | G142: Flat 1, Middleton Hse, Causton St, SW1P 4AS | I142: 800Pv00000GF2wVIAT | K142: 800Pv00000GF2wVIAT | L142: 38718 | N142: 800Pv00000GF2wVIAT
A143: 800Pv00000GF3bDIAT | B143: 222700028002 | F143: 800Pv00000GF3bDIAT | G143: 28 Farrow House, 6 Station Approach, Newbury | I143: 800Pv00000GF3bDIAT | K143: 800Pv00000GF3bDIAT | L143: 45226 | N143: 800Pv00000GF3bDIAT | O143: 45591
A144: 800Pv00000GOrhwIAD | B144: 222577002002 | F144: 800Pv00000GOrhwIAD | G144: Clippers - Unit 1 Zerega Way M50 | I144: 800Pv00000GOrhwIAD | K144: 800Pv00000GOrhwIAD | L144: 45449 | N144: 800Pv00000GOrhwIAD | O144: 49100
A145: 800Pv00000GOttWIAT | B145: 222578062008 | F145: 800Pv00000GOttWIAT | G145: 414 Ambassador Apt, Waterman Wlk, Salford M50 | I145: 800Pv00000GOttWIAT | K145: 800Pv00000GOttWIAT | L145: 45469 | N145: 800Pv00000GOttWIAT | O145: 45833
A146: 800Pv00000GOv7DIAT | B146: 104350004005 | F146: 800Pv00000GOv7DIAT | G146: 12, Chelsea Close, Hampton Hill, Middlesex | I146: 800Pv00000GOv7DIAT | K146: 800Pv00000GOv7DIAT | L146: 40351 | N146: 800Pv00000GOv7DIAT | O146: 86005
A147: 800Pv00000GOw9jIAD | B147: 222708207002 | F147: 800Pv00000GOw9jIAD | G147: 639 Enigma Square, 414 North Row, MK9 2GF | I147: 800Pv00000GOw9jIAD | K147: 800Pv00000GOw9jIAD | L147: 45348 | N147: 800Pv00000GOw9jIAD | O147: 45713
A148: 800Pv00000GOxaQIAT | B148: 222648032004 | F148: 800Pv00000GOxaQIAT | G148: 413, Neon House, 207 Chapel St, Salford, M3 5 | I148: 800Pv00000GOxaQIAT | K148: 800Pv00000GOxaQIAT | L148: 45476 | N148: 800Pv00000GOxaQIAT | O148: 45840
A149: 800Pv00000GOy6gIAD | B149: 222677045003 | F149: 800Pv00000GOy6gIAD | G149: 306 West, The Forge, Newcastle, NE1 3AJ | I149: 800Pv00000GOy6gIAD | K149: 800Pv00000GOy6gIAD | L149: 45513 | N149: 800Pv00000GOy6gIAD | O149: 45696
A150: 800Pv00000GOyLBIA1 | B150: 127483072003 | F150: 800Pv00000GOyLBIA1 | G150: 72 Poppy Apartments, E16 2YH | I150: 800Pv00000GOyLBIA1 | K150: 800Pv00000GOyLBIA1 | L150: 45267 | N150: 800Pv00000GOyLBIA1 | O150: 45632
A151: 800Pv00000GOyLCIA1 | B151: 222652088005 | F151: 800Pv00000GOyLCIA1 | G151: Car Parking 4 - Level 1 Neon | I151: 800Pv00000GOyLCIA1 | K151: 800Pv00000GOyLCIA1 | L151: 45289 | N151: 800Pv00000GOyLCIA1 | O151: 45654
...
