Workbook

Sheet Pricebooks
A1: _1 | B1: _2 | C1: _3 | D1: Name | E1: Description | F1: IsActive | H1: Name | I1: Description | J1: IsActive | K1: __Status | L1: __Id | M1: __Action | N1: __Errors
A2: 2024 | B2: 1 | C2: =A2&"-"&RIGHT("0"&B2,2) -> 2024-01 | D2: =C2&" Pricebook" -> 2024-01 Pricebook | E2: =D2 -> 2024-01 Pricebook | F2: TRUE | H2: 2024-01 Pricebook | I2: 2024-01 Pricebook | J2: TRUE | K2: Succeeded | L2: 01sUE000001WyGcYAK | M2: Inserted
A3: 2024 | B3: =B2+1 -> 2 | C3: =A3&"-"&RIGHT("0"&B3,2) -> 2024-02 | D3: =C3&" Pricebook" -> 2024-02 Pricebook | E3: =D3 -> 2024-02 Pricebook | F3: TRUE | H3: 2024-02 Pricebook | I3: 2024-02 Pricebook | J3: TRUE | K3: Succeeded | L3: 01sUE000001WyGdYAK | M3: Inserted
A4: 2024 | B4: =B3+1 -> 3 | C4: =A4&"-"&RIGHT("0"&B4,2) -> 2024-03 | D4: =C4&" Pricebook" -> 2024-03 Pricebook | E4: =D4 -> 2024-03 Pricebook | F4: TRUE | H4: 2024-03 Pricebook | I4: 2024-03 Pricebook | J4: TRUE | K4: Succeeded | L4: 01sUE000001WyGeYAK | M4: Inserted
A5: 2024 | B5: =B4+1 -> 4 | C5: =A5&"-"&RIGHT("0"&B5,2) -> 2024-04 | D5: =C5&" Pricebook" -> 2024-04 Pricebook | E5: =D5 -> 2024-04 Pricebook | F5: TRUE | H5: 2024-04 Pricebook | I5: 2024-04 Pricebook | J5: TRUE | K5: Succeeded | L5: 01sUE000001WyGfYAK | M5: Inserted
A6: 2024 | B6: =B5+1 -> 5 | C6: =A6&"-"&RIGHT("0"&B6,2) -> 2024-05 | D6: =C6&" Pricebook" -> 2024-05 Pricebook | E6: =D6 -> 2024-05 Pricebook | F6: TRUE | H6: 2024-05 Pricebook | I6: 2024-05 Pricebook | J6: TRUE | K6: Succeeded | L6: 01sUE000001WyGgYAK | M6: Inserted
A7: 2024 | B7: =B6+1 -> 6 | C7: =A7&"-"&RIGHT("0"&B7,2) -> 2024-06 | D7: =C7&" Pricebook" -> 2024-06 Pricebook | E7: =D7 -> 2024-06 Pricebook | F7: TRUE | H7: 2024-06 Pricebook | I7: 2024-06 Pricebook | J7: TRUE | K7: Succeeded | L7: 01sUE000001WyGhYAK | M7: Inserted
A8: 2024 | B8: =B7+1 -> 7 | C8: =A8&"-"&RIGHT("0"&B8,2) -> 2024-07 | D8: =C8&" Pricebook" -> 2024-07 Pricebook | E8: =D8 -> 2024-07 Pricebook | F8: TRUE | H8: 2024-07 Pricebook | I8: 2024-07 Pricebook | J8: TRUE | K8: Succeeded | L8: 01sUE000001WyGiYAK | M8: Inserted
A9: 2024 | B9: =B8+1 -> 8 | C9: =A9&"-"&RIGHT("0"&B9,2) -> 2024-08 | D9: =C9&" Pricebook" -> 2024-08 Pricebook | E9: =D9 -> 2024-08 Pricebook | F9: TRUE | H9: 2024-08 Pricebook | I9: 2024-08 Pricebook | J9: TRUE | K9: Succeeded | L9: 01sUE000001WyGjYAK | M9: Inserted
A10: 2024 | B10: =B9+1 -> 9 | C10: =A10&"-"&RIGHT("0"&B10,2) -> 2024-09 | D10: =C10&" Pricebook" -> 2024-09 Pricebook | E10: =D10 -> 2024-09 Pricebook | F10: TRUE | H10: 2024-09 Pricebook | I10: 2024-09 Pricebook | J10: TRUE | K10: Succeeded | L10: 01sUE000001WyGkYAK | M10: Inserted
A11: 2024 | B11: =B10+1 -> 10 | C11: =A11&"-"&RIGHT("0"&B11,2) -> 2024-10 | D11: =C11&" Pricebook" -> 2024-10 Pricebook | E11: =D11 -> 2024-10 Pricebook | F11: TRUE | H11: 2024-10 Pricebook | I11: 2024-10 Pricebook | J11: TRUE | K11: Succeeded | L11: 01sUE000001WyGlYAK | M11: Inserted
A12: 2024 | B12: =B11+1 -> 11 | C12: =A12&"-"&RIGHT("0"&B12,2) -> 2024-11 | D12: =C12&" Pricebook" -> 2024-11 Pricebook | E12: =D12 -> 2024-11 Pricebook | F12: TRUE | H12: 2024-11 Pricebook | I12: 2024-11 Pricebook | J12: TRUE | K12: Succeeded | L12: 01sUE000001WyGmYAK | M12: Inserted
A13: 2024 | B13: =B12+1 -> 12 | C13: =A13&"-"&RIGHT("0"&B13,2) -> 2024-12 | D13: =C13&" Pricebook" -> 2024-12 Pricebook | E13: =D13 -> 2024-12 Pricebook | F13: TRUE | H13: 2024-12 Pricebook | I13: 2024-12 Pricebook | J13: TRUE | K13: Succeeded | L13: 01sUE000001WyGnYAK | M13: Inserted
A14: 2025 | B14: 1 | C14: =A14&"-"&RIGHT("0"&B14,2) -> 2025-01 | D14: =C14&" Pricebook" -> 2025-01 Pricebook | E14: =D14 -> 2025-01 Pricebook | F14: TRUE | H14: 2025-01 Pricebook | I14: 2025-01 Pricebook | J14: TRUE | K14: Succeeded | L14: 01sUE000001WyGoYAK | M14: Inserted
A15: 2025 | B15: =B14+1 -> 2 | C15: =A15&"-"&RIGHT("0"&B15,2) -> 2025-02 | D15: =C15&" Pricebook" -> 2025-02 Pricebook | E15: =D15 -> 2025-02 Pricebook | F15: TRUE | H15: 2025-02 Pricebook | I15: 2025-02 Pricebook | J15: TRUE | K15: Succeeded | L15: 01sUE000001WyGpYAK | M15: Inserted
A16: 2025 | B16: =B15+1 -> 3 | C16: =A16&"-"&RIGHT("0"&B16,2) -> 2025-03 | D16: =C16&" Pricebook" -> 2025-03 Pricebook | E16: =D16 -> 2025-03 Pricebook | F16: TRUE | H16: 2025-03 Pricebook | I16: 2025-03 Pricebook | J16: TRUE | K16: Succeeded | L16: 01sUE000001WyGqYAK | M16: Inserted
A17: 2025 | B17: =B16+1 -> 4 | C17: =A17&"-"&RIGHT("0"&B17,2) -> 2025-04 | D17: =C17&" Pricebook" -> 2025-04 Pricebook | E17: =D17 -> 2025-04 Pricebook | F17: TRUE | H17: 2025-04 Pricebook | I17: 2025-04 Pricebook | J17: TRUE | K17: Succeeded | L17: 01sUE000001WyGrYAK | M17: Inserted
A18: 2025 | B18: =B17+1 -> 5 | C18: =A18&"-"&RIGHT("0"&B18,2) -> 2025-05 | D18: =C18&" Pricebook" -> 2025-05 Pricebook | E18: =D18 -> 2025-05 Pricebook | F18: TRUE | H18: 2025-05 Pricebook | I18: 2025-05 Pricebook | J18: TRUE | K18: Succeeded | L18: 01sUE000001WyGsYAK | M18: Inserted
A19: 2025 | B19: =B18+1 -> 6 | C19: =A19&"-"&RIGHT("0"&B19,2) -> 2025-06 | D19: =C19&" Pricebook" -> 2025-06 Pricebook | E19: =D19 -> 2025-06 Pricebook | F19: TRUE | H19: 2025-06 Pricebook | I19: 2025-06 Pricebook | J19: TRUE | K19: Succeeded | L19: 01sUE000001WyGtYAK | M19: Inserted
A20: 2025 | B20: =B19+1 -> 7 | C20: =A20&"-"&RIGHT("0"&B20,2) -> 2025-07 | D20: =C20&" Pricebook" -> 2025-07 Pricebook | E20: =D20 -> 2025-07 Pricebook | F20: TRUE | H20: 2025-07 Pricebook | I20: 2025-07 Pricebook | J20: TRUE | K20: Succeeded | L20: 01sUE000001WyGuYAK | M20: Inserted
A21: 2025 | B21: =B20+1 -> 8 | C21: =A21&"-"&RIGHT("0"&B21,2) -> 2025-08 | D21: =C21&" Pricebook" -> 2025-08 Pricebook | E21: =D21 -> 2025-08 Pricebook | F21: TRUE | H21: 2025-08 Pricebook | I21: 2025-08 Pricebook | J21: TRUE | K21: Succeeded | L21: 01sUE000001WyGvYAK | M21: Inserted
A22: 2025 | B22: =B21+1 -> 9 | C22: =A22&"-"&RIGHT("0"&B22,2) -> 2025-09 | D22: =C22&" Pricebook" -> 2025-09 Pricebook | E22: =D22 -> 2025-09 Pricebook | F22: TRUE | H22: 2025-09 Pricebook | I22: 2025-09 Pricebook | J22: TRUE | K22: Succeeded | L22: 01sUE000001WyGwYAK | M22: Inserted
A23: 2025 | B23: =B22+1 -> 10 | C23: =A23&"-"&RIGHT("0"&B23,2) -> 2025-10 | D23: =C23&" Pricebook" -> 2025-10 Pricebook | E23: =D23 -> 2025-10 Pricebook | F23: TRUE | H23: 2025-10 Pricebook | I23: 2025-10 Pricebook | J23: TRUE | K23: Succeeded | L23: 01sUE000001WyGxYAK | M23: Inserted
A24: 2025 | B24: =B23+1 -> 11 | C24: =A24&"-"&RIGHT("0"&B24,2) -> 2025-11 | D24: =C24&" Pricebook" -> 2025-11 Pricebook | E24: =D24 -> 2025-11 Pricebook | F24: TRUE | H24: 2025-11 Pricebook | I24: 2025-11 Pricebook | J24: TRUE | K24: Succeeded | L24: 01sUE000001WyGyYAK | M24: Inserted
A25: 2025 | B25: =B24+1 -> 12 | C25: =A25&"-"&RIGHT("0"&B25,2) -> 2025-12 | D25: =C25&" Pricebook" -> 2025-12 Pricebook | E25: =D25 -> 2025-12 Pricebook | F25: TRUE | H25: 2025-12 Pricebook | I25: 2025-12 Pricebook | J25: TRUE | K25: Succeeded | L25: 01sUE000001WyGzYAK | M25: Inserted

Sheet Sheet2
A1: Id | B1: Product2.Name | C1: Product2.Unit__r.Name | D1: Product2.Unit__c | E1: Product2Id | F1: UnitPrice
A2: 01u4J000001z5WcQAI | B2: 220/222, Great Portland Street, Flat 5, Westm | C2: 220/222, Great Portland Street, Flat 5, Westm | D2: a1GTA000005QyOC2A0 | E2: 01t4J000004Aq8eQAC | F2: 1712.58
A3: 01u4J000001z5UTQAY | B3: 14, Parklands Court, Hounslow, Middlesex | C3: 14, Parklands Court, Hounslow, Middlesex | D3: a1GTA000005QyCj2AK | E3: 01t4J000004Aq8hQAC | F3: 0
A4: 01u4J000001z5U1QAI | B4: 26 Holland Park W11 3TD *INSURANCE | C4: 26 Holland Park W11 3TD *INSURANCE | D4: a1GTA000005Qy0K2AS | E4: 01t4J000004Aq8iQAC | F4: 0
A5: 01u4J000001z5U2QAI | B5: 76, Beechcroft Avenue, Harrow, Middlesex | C5: 76, Beechcroft Avenue, Harrow, Middlesex | D5: a1GTA000005QyEg2AK | E5: 01t4J000004Aq8jQAC | F5: 0
A6: 01u4J000001z5W1QAI | B6: 28, Coleherne Road, TF, Chelsea, London | C6: 28, Coleherne Road, TF, Chelsea, London | D6: a1GTA000005QyID2A0 | E6: 01t4J000004Aq8kQAC | F6: 0
A7: 01u4J000001z5U0QAI | B7: 47, Parklands Court, Hounslow, Middlesex | C7: 47, Parklands Court, Hounslow, Middlesex | D7: a1GTA000005QyCh2AK | E7: 01t4J000004Aq8lQAC | F7: 0
A8: 01u4J000001z5W5QAI | B8: G11, Parklands Court, Hounslow, Middlesex | C8: G11, Parklands Court, Hounslow, Middlesex | D8: a1GTA000005QyCg2AK | E8: 01t4J000004Aq8mQAC | F8: 104
A9: 01u4J000001z5WAQAY | B9: G12, Parklands Court, Hounslow, Middlesex | C9: G12, Parklands Court, Hounslow, Middlesex | D9: a1GTA000005QyCc2AK | E9: 01t4J000004Aq8nQAC | F9: 104
A10: 01u4J000001z5WIQAY | B10: 23, Parklands Court, Hounslow, Middlesex | C10: 23, Parklands Court, Hounslow, Middlesex | D10: a1GTA000005QyCa2AK | E10: 01t4J000004Aq8oQAC | F10: 0
A11: 01u4J000001z5U7QAI | B11: 1, Cavendish House, Twickenham, Middlesex | C11: 1, Cavendish House, Twickenham, Middlesex | D11: a1GTA000005Qy2V2AS | E11: 01t4J000004Aq8qQAC | F11: 0
A12: 01u4J000001z5UIQAY | B12: 4, Cavendish House, Twickenham, Middlesex | C12: 4, Cavendish House, Twickenham, Middlesex | D12: a1GTA000005Qhfu2AC | E12: 01t4J000004Aq8rQAC | F12: 0
A13: 01u4J000001z5UBQAY | B13: G22, Parklands Court, Hounslow, Middlesex | C13: G22, Parklands Court, Hounslow, Middlesex | D13: a1GTA000005QyCW2A0 | E13: 01t4J000004Aq8sQAC | F13: 104
... A6601: 01uUE000001Oy45YAC | B6601: Car Space 63 Argo Apartments,4 Silvertown Way | C6601: Car Space 63 Argo Apartments,4 Silvertown Way | D6601: a1GTA000005R1vH2AS | E6601: 01tUE000004rF53YAE | F6601: 100

Sheet Sheet3
A1: _iter | B1: _Product2.Unit__c | C1: Product2Id | D1: IsActive | E1: _exclude | F1: Pricebook2:Pricebook2:Name | G1: UnitPrice | H1: _exclude | I1: Pricebook2:Pricebook2:Name | J1: UnitPrice | K1: _exclude | L1: Pricebook2:Pricebook2:Name | M1: UnitPrice | N1: _exclude | O1: Pricebook2:Pricebook2:Name | P1: UnitPrice | Q1: _exclude | R1: Pricebook2:Pricebook2:Name | S1: UnitPrice | T1: _exclude | U1: Pricebook2:Pricebook2:Name | V1: UnitPrice | W1: _exclude | X1: Pricebook2:Pricebook2:Name | Y1: UnitPrice | Z1: _exclude | AA1: Pricebook2:Pricebook2:Name | AB1: UnitPrice | AC1: _exclude | AD1: Pricebook2:Pricebook2:Name | AE1: UnitPrice | AF1: _exclude | AG1: Pricebook2:Pricebook2:Name | AH1: UnitPrice | AI1: _exclude | AJ1: Pricebook2:Pricebook2:Name | AK1: UnitPrice | AL1: _exclude | AM1: Pricebook2:Pricebook2:Name | AN1: UnitPrice
A2: 1 | B2: a1GTA000005QyOC2A0 | C2: 01t4J000004Aq8eQAC | D2: TRUE | F2: =IF(A2<=6601,Pricebooks!$D$2,IF(A2<=6601*2,Pricebooks!$D$3,IF(A2<=6601*3,Pricebooks!$D$4,""))) -> 2024-01 Pricebook | G2: 1712.58 | I2: 2024-02 Pricebook | J2: =G2*(1+0.05/12) -> 1719.7157 | L2: 2024-03 Pricebook | M2: =J2*(1+0.05/12) -> 1726.8812 | O2: 2024-04 Pricebook | P2: =M2*(1+0.05/12) -> 1734.0766 | R2: 2024-05 Pricebook | S2: =P2*(1+0.05/12) -> 1741.3019 | U2: 2024-06 Pricebook | V2: =S2*(1+0.05/12) -> 1748.5573 | X2: 2024-07 Pricebook | Y2: =V2*(1+0.05/12) -> 1755.843 | AA2: 2024-08 Pricebook | AB2: =Y2*(1+0.05/12) -> 1763.159 | AD2: 2024-09 Pricebook | AE2: =AB2*(1+0.05/12) -> 1770.5055 | AG2: 2024-10 Pricebook | AH2: =AE2*(1+0.05/12) -> 1777.8826 | AJ2: 2024-11 Pricebook | AK2: =AH2*(1+0.05/12) -> 1785.2904 | AM2: 2024-12 Pricebook | AN2: =AK2*(1+0.05/12) -> 1792.7291
A3: =A2+1 -> 2 | B3: a1GTA000005QyCj2AK | C3: 01t4J000004Aq8hQAC | D3: TRUE | F3: =IF(A3<=6601,Pricebooks!$D$2,IF(A3<=6601*2,Pricebooks!$D$3,IF(A3<=6601*3,Pricebooks!$D$4,""))) -> 2024-01 Pricebook | G3: 0 | I3: 2024-02 Pricebook | J3: =G3*(1+0.05/12) -> 0 | L3: 2024-03 Pricebook | M3: =J3*(1+0.05/12) -> 0 | O3: 2024-04 Pricebook | P3: =M3*(1+0.05/12) -> 0 | R3: 2024-05 Pricebook | S3: =P3*(1+0.05/12) -> 0 | U3: 2024-06 Pricebook | V3: =S3*(1+0.05/12) -> 0 | X3: =X2 -> 2024-07 Pricebook | Y3: =V3*(1+0.05/12) -> 0 | AA3: =AA2 -> 2024-08 Pricebook | AB3: =Y3*(1+0.05/12) -> 0 | AD3: =AD2 -> 2024-09 Pricebook | AE3: =AB3*(1+0.05/12) -> 0 | AG3: =AG2 -> 2024-10 Pricebook | AH3: =AE3*(1+0.05/12) -> 0 | AJ3: =AJ2 -> 2024-11 Pricebook | AK3: =AH3*(1+0.05/12) -> 0 | AM3: =AM2 -> 2024-12 Pricebook | AN3: =AK3*(1+0.05/12) -> 0
A4: =A3+1 -> 3 | B4: a1GTA000005Qy0K2AS | C4: 01t4J000004Aq8iQAC | D4: TRUE | F4: =IF(A4<=6601,Pricebooks!$D$2,IF(A4<=6601*2,Pricebooks!$D$3,IF(A4<=6601*3,Pricebooks!$D$4,""))) -> 2024-01 Pricebook | G4: 0 | I4: 2024-02 Pricebook | J4: =G4*(1+0.05/12) -> 0 | L4: 2024-03 Pricebook | M4: =J4*(1+0.05/12) -> 0 | O4: 2024-04 Pricebook | P4: =M4*(1+0.05/12) -> 0 | R4: 2024-05 Pricebook | S4: =P4*(1+0.05/12) -> 0 | U4: 2024-06 Pricebook | V4: =S4*(1+0.05/12) -> 0 | X4: =X3 -> 2024-07 Pricebook | Y4: =V4*(1+0.05/12) -> 0 | AA4: =AA3 -> 2024-08 Pricebook | AB4: =Y4*(1+0.05/12) -> 0 | AD4: =AD3 -> 2024-09 Pricebook | AE4: =AB4*(1+0.05/12) -> 0 | AG4: =AG3 -> 2024-10 Pricebook | AH4: =AE4*(1+0.05/12) -> 0 | AJ4: =AJ3 -> 2024-11 Pricebook | AK4: =AH4*(1+0.05/12) -> 0 | AM4: =AM3 -> 2024-12 Pricebook | AN4: =AK4*(1+0.05/12) -> 0
A5: =A4+1 -> 4 | B5: a1GTA000005QyEg2AK | C5: 01t4J000004Aq8jQAC | D5: TRUE | F5: =IF(A5<=6601,Pricebooks!$D$2,IF(A5<=6601*2,Pricebooks!$D$3,IF(A5<=6601*3,Pricebooks!$D$4,""))) -> 2024-01 Pricebook | G5: 0 | I5: 2024-02 Pricebook | J5: =G5*(1+0.05/12) -> 0 | L5: 2024-03 Pricebook | M5: =J5*(1+0.05/12) -> 0 | O5: 2024-04 Pricebook | P5: =M5*(1+0.05/12) -> 0 | R5: 2024-05 Pricebook | S5: =P5*(1+0.05/12) -> 0 | U5: 2024-06 Pricebook | V5: =S5*(1+0.05/12) -> 0 | X5: =X4 -> 2024-07 Pricebook | Y5: =V5*(1+0.05/12) -> 0 | AA5: =AA4 -> 2024-08 Pricebook | AB5: =Y5*(1+0.05/12) -> 0 | AD5: =AD4 -> 2024-09 Pricebook | AE5: =AB5*(1+0.05/12) -> 0 | AG5: =AG4 -> 2024-10 Pricebook | AH5: =AE5*(1+0.05/12) -> 0 | AJ5: =AJ4 -> 2024-11 Pricebook | AK5: =AH5*(1+0.05/12) -> 0 | AM5: =AM4 -> 2024-12 Pricebook | AN5: =AK5*(1+0.05/12) -> 0
A6: =A5+1 -> 5 | B6: a1GTA000005QyID2A0 | C6: 01t4J000004Aq8kQAC | D6: TRUE | F6: =IF(A6<=6601,Pricebooks!$D$2,IF(A6<=6601*2,Pricebooks!$D$3,IF(A6<=6601*3,Pricebooks!$D$4,""))) -> 2024-01 Pricebook | G6: 0 | I6: 2024-02 Pricebook | J6: =G6*(1+0.05/12) -> 0 | L6: 2024-03 Pricebook | M6: =J6*(1+0.05/12) -> 0 | O6: 2024-04 Pricebook | P6: =M6*(1+0.05/12) -> 0 | R6: 2024-05 Pricebook | S6: =P6*(1+0.05/12) -> 0 | U6: 2024-06 Pricebook | V6: =S6*(1+0.05/12) -> 0 | X6: =X5 -> 2024-07 Pricebook | Y6: =V6*(1+0.05/12) -> 0 | AA6: =AA5 -> 2024-08 Pricebook | AB6: =Y6*(1+0.05/12) -> 0 | AD6: =AD5 -> 2024-09 Pricebook | AE6: =AB6*(1+0.05/12) -> 0 | AG6: =AG5 -> 2024-10 Pricebook | AH6: =AE6*(1+0.05/12) -> 0 | AJ6: =AJ5 -> 2024-11 Pricebook | AK6: =AH6*(1+0.05/12) -> 0 | AM6: =AM5 -> 2024-12 Pricebook | AN6: =AK6*(1+0.05/12) -> 0
A7: =A6+1 -> 6 | B7: a1GTA000005QyCh2AK | C7: 01t4J000004Aq8lQAC | D7: TRUE | F7: =IF(A7<=6601,Pricebooks!$D$2,IF(A7<=6601*2,Pricebooks!$D$3,IF(A7<=6601*3,Pricebooks!$D$4,""))) -> 2024-01 Pricebook | G7: 0 | I7: 2024-02 Pricebook | J7: =G7*(1+0.05/12) -> 0 | L7: 2024-03 Pricebook | M7: =J7*(1+0.05/12) -> 0 | O7: 2024-04 Pricebook | P7: =M7*(1+0.05/12) -> 0 | R7: 2024-05 Pricebook | S7: =P7*(1+0.05/12) -> 0 | U7: 2024-06 Pricebook | V7: =S7*(1+0.05/12) -> 0 | X7: =X6 -> 2024-07 Pricebook | Y7: =V7*(1+0.05/12) -> 0 | AA7: =AA6 -> 2024-08 Pricebook | AB7: =Y7*(1+0.05/12) -> 0 | AD7: =AD6 -> 2024-09 Pricebook | AE7: =AB7*(1+0.05/12) -> 0 | AG7: =AG6 -> 2024-10 Pricebook | AH7: =AE7*(1+0.05/12) -> 0 | AJ7: =AJ6 -> 2024-11 Pricebook | AK7: =AH7*(1+0.05/12) -> 0 | AM7: =AM6 -> 2024-12 Pricebook | AN7: =AK7*(1+0.05/12) -> 0
A8: =A7+1 -> 7 | B8: a1GTA000005QyCg2AK | C8: 01t4J000004Aq8mQAC | D8: TRUE | F8: =IF(A8<=6601,Pricebooks!$D$2,IF(A8<=6601*2,Pricebooks!$D$3,IF(A8<=6601*3,Pricebooks!$D$4,""))) -> 2024-01 Pricebook | G8: 104 | I8: 2024-02 Pricebook | J8: =G8*(1+0.05/12) -> 104.43333 | L8: 2024-03 Pricebook | M8: =J8*(1+0.05/12) -> 104.86847 | O8: 2024-04 Pricebook | P8: =M8*(1+0.05/12) -> 105.30542 | R8: 2024-05 Pricebook | S8: =P8*(1+0.05/12) -> 105.7442 | U8: 2024-06 Pricebook | V8: =S8*(1+0.05/12) -> 106.1848 | X8: =X7 -> 2024-07 Pricebook | Y8: =V8*(1+0.05/12) -> 106.62723 | AA8: =AA7 -> 2024-08 Pricebook | AB8: =Y8*(1+0.05/12) -> 107.07151 | AD8: =AD7 -> 2024-09 Pricebook | AE8: =AB8*(1+0.05/12) -> 107.51765 | AG8: =AG7 -> 2024-10 Pricebook | AH8: =AE8*(1+0.05/12) -> 107.96564 | AJ8: =AJ7 -> 2024-11 Pricebook | AK8: =AH8*(1+0.05/12) -> 108.41549 | AM8: =AM7 -> 2024-12 Pricebook | AN8: =AK8*(1+0.05/12) -> 108.86722
A9: =A8+1 -> 8 | B9: a1GTA000005QyCc2AK | C9: 01t4J000004Aq8nQAC | D9: TRUE | F9: =IF(A9<=6601,Pricebooks!$D$2,IF(A9<=6601*2,Pricebooks!$D$3,IF(A9<=6601*3,Pricebooks!$D$4,""))) -> 2024-01 Pricebook | G9: 104 | I9: 2024-02 Pricebook | J9: =G9*(1+0.05/12) -> 104.43333 | L9: 2024-03 Pricebook | M9: =J9*(1+0.05/12) -> 104.86847 | O9: 2024-04 Pricebook | P9: =M9*(1+0.05/12) -> 105.30542 | R9: 2024-05 Pricebook | S9: =P9*(1+0.05/12) -> 105.7442 | U9: 2024-06 Pricebook | V9: =S9*(1+0.05/12) -> 106.1848 | X9: =X8 -> 2024-07 Pricebook | Y9: =V9*(1+0.05/12) -> 106.62723 | AA9: =AA8 -> 2024-08 Pricebook | AB9: =Y9*(1+0.05/12) -> 107.07151 | AD9: =AD8 -> 2024-09 Pricebook | AE9: =AB9*(1+0.05/12) -> 107.51765 | AG9: =AG8 -> 2024-10 Pricebook | AH9: =AE9*(1+0.05/12) -> 107.96564 | AJ9: =AJ8 -> 2024-11 Pricebook | AK9: =AH9*(1+0.05/12) -> 108.41549 | AM9: =AM8 -> 2024-12 Pricebook | AN9: =AK9*(1+0.05/12) -> 108.86722
A10: =A9+1 -> 9 | B10: a1GTA000005QyCa2AK | C10: 01t4J000004Aq8oQAC | D10: TRUE | F10: =IF(A10<=6601,Pricebooks!$D$2,IF(A10<=6601*2,Pricebooks!$D$3,IF(A10<=6601*3,Pricebooks!$D$4,""))) -> 2024-01 Pricebook | G10: 0 | I10: 2024-02 Pricebook | J10: =G10*(1+0.05/12) -> 0 | L10: 2024-03 Pricebook | M10: =J10*(1+0.05/12) -> 0 | O10: 2024-04 Pricebook | P10: =M10*(1+0.05/12) -> 0 | R10: 2024-05 Pricebook | S10: =P10*(1+0.05/12) -> 0 | U10: 2024-06 Pricebook | V10: =S10*(1+0.05/12) -> 0 | X10: =X9 -> 2024-07 Pricebook | Y10: =V10*(1+0.05/12) -> 0 | AA10: =AA9 -> 2024-08 Pricebook | AB10: =Y10*(1+0.05/12) -> 0 | AD10: =AD9 -> 2024-09 Pricebook | AE10: =AB10*(1+0.05/12) -> 0 | AG10: =AG9 -> 2024-10 Pricebook | AH10: =AE10*(1+0.05/12) -> 0 | AJ10: =AJ9 -> 2024-11 Pricebook | AK10: =AH10*(1+0.05/12) -> 0 | AM10: =AM9 -> 2024-12 Pricebook | AN10: =AK10*(1+0.05/12) -> 0
A11: =A10+1 -> 10 | B11: a1GTA000005Qy2V2AS | C11: 01t4J000004Aq8qQAC | D11: TRUE | F11: =IF(A11<=6601,Pricebooks!$D$2,IF(A11<=6601*2,Pricebooks!$D$3,IF(A11<=6601*3,Pricebooks!$D$4,""))) -> 2024-01 Pricebook | G11: 0 | I11: 2024-02 Pricebook | J11: =G11*(1+0.05/12) -> 0 | L11: 2024-03 Pricebook | M11: =J11*(1+0.05/12) -> 0 | O11: 2024-04 Pricebook | P11: =M11*(1+0.05/12) -> 0 | R11: 2024-05 Pricebook | S11: =P11*(1+0.05/12) -> 0 | U11: 2024-06 Pricebook | V11: =S11*(1+0.05/12) -> 0 | X11: =X10 -> 2024-07 Pricebook | Y11: =V11*(1+0.05/12) -> 0 | AA11: =AA10 -> 2024-08 Pricebook | AB11: =Y11*(1+0.05/12) -> 0 | AD11: =AD10 -> 2024-09 Pricebook | AE11: =AB11*(1+0.05/12) -> 0 | AG11: =AG10 -> 2024-10 Pricebook | AH11: =AE11*(1+0.05/12) -> 0 | AJ11: =AJ10 -> 2024-11 Pricebook | AK11: =AH11*(1+0.05/12) -> 0 | AM11: =AM10 -> 2024-12 Pricebook | AN11: =AK11*(1+0.05/12) -> 0
A12: =A11+1 -> 11 | B12: a1GTA000005Qhfu2AC | C12: 01t4J000004Aq8rQAC | D12: TRUE | F12: =IF(A12<=6601,Pricebooks!$D$2,IF(A12<=6601*2,Pricebooks!$D$3,IF(A12<=6601*3,Pricebooks!$D$4,""))) -> 2024-01 Pricebook | G12: 0 | I12: 2024-02 Pricebook | J12: =G12*(1+0.05/12) -> 0 | L12: 2024-03 Pricebook | M12: =J12*(1+0.05/12) -> 0 | O12: 2024-04 Pricebook | P12: =M12*(1+0.05/12) -> 0 | R12: 2024-05 Pricebook | S12: =P12*(1+0.05/12) -> 0 | U12: 2024-06 Pricebook | V12: =S12*(1+0.05/12) -> 0 | X12: =X11 -> 2024-07 Pricebook | Y12: =V12*(1+0.05/12) -> 0 | AA12: =AA11 -> 2024-08 Pricebook | AB12: =Y12*(1+0.05/12) -> 0 | AD12: =AD11 -> 2024-09 Pricebook | AE12: =AB12*(1+0.05/12) -> 0 | AG12: =AG11 -> 2024-10 Pricebook | AH12: =AE12*(1+0.05/12) -> 0 | AJ12: =AJ11 -> 2024-11 Pricebook | AK12: =AH12*(1+0.05/12) -> 0 | AM12: =AM11 -> 2024-12 Pricebook | AN12: =AK12*(1+0.05/12) -> 0
A13: =A12+1 -> 12 | B13: a1GTA000005QyCW2A0 | C13: 01t4J000004Aq8sQAC | D13: TRUE | F13: =IF(A13<=6601,Pricebooks!$D$2,IF(A13<=6601*2,Pricebooks!$D$3,IF(A13<=6601*3,Pricebooks!$D$4,""))) -> 2024-01 Pricebook | G13: 104 | I13: 2024-02 Pricebook | J13: =G13*(1+0.05/12) -> 104.43333 | L13: 2024-03 Pricebook | M13: =J13*(1+0.05/12) -> 104.86847 | O13: 2024-04 Pricebook | P13: =M13*(1+0.05/12) -> 105.30542 | R13: 2024-05 Pricebook | S13: =P13*(1+0.05/12) -> 105.7442 | U13: 2024-06 Pricebook | V13: =S13*(1+0.05/12) -> 106.1848 | X13: =X12 -> 2024-07 Pricebook | Y13: =V13*(1+0.05/12) -> 106.62723 | AA13: =AA12 -> 2024-08 Pricebook | AB13: =Y13*(1+0.05/12) -> 107.07151 | AD13: =AD12 -> 2024-09 Pricebook | AE13: =AB13*(1+0.05/12) -> 107.51765 | AG13: =AG12 -> 2024-10 Pricebook | AH13: =AE13*(1+0.05/12) -> 107.96564 | AJ13: =AJ12 -> 2024-11 Pricebook | AK13: =AH13*(1+0.05/12) -> 108.41549 | AM13: =AM12 -> 2024-12 Pricebook | AN13: =AK13*(1+0.05/12) -> 108.86722
A14: =A13+1 -> 13 | B14: a1GTA000005Qyas2AC | C14: 01t4J000004Aq8wQAC | D14: TRUE | F14: =IF(A14<=6601,Pricebooks!$D$2,IF(A14<=6601*2,Pricebooks!$D$3,IF(A14<=6601*3,Pricebooks!$D$4,""))) -> 2024-01 Pricebook | G14: 0 | I14: 2024-02 Pricebook | J14: =G14*(1+0.05/12) -> 0 | L14: 2024-03 Pricebook | M14: =J14*(1+0.05/12) -> 0 | O14: 2024-04 Pricebook | P14: =M14*(1+0.05/12) -> 0 | R14: 2024-05 Pricebook | S14: =P14*(1+0.05/12) -> 0 | U14: 2024-06 Pricebook | V14: =S14*(1+0.05/12) -> 0 | X14: =X13 -> 2024-07 Pricebook | Y14: =V14*(1+0.05/12) -> 0 | AA14: =AA13 -> 2024-08 Pricebook | AB14: =Y14*(1+0.05/12) -> 0 | AD14: =AD13 -> 2024-09 Pricebook | AE14: =AB14*(1+0.05/12) -> 0 | AG14: =AG13 -> 2024-10 Pricebook | AH14: =AE14*(1+0.05/12) -> 0 | AJ14: =AJ13 -> 2024-11 Pricebook | AK14: =AH14*(1+0.05/12) -> 0 | AM14: =AM13 -> 2024-12 Pricebook | AN14: =AK14*(1+0.05/12) -> 0
... A6601: =A6600+1 -> 6600 | B6601: a1GTA000005R1vH2AS | C6601: 01tUE000004rF53YAE | D6601: TRUE | F6601: =IF(A6601<=6601,Pricebooks!$D$2,IF(A6601<=6601*2,Pricebooks!$D$3,IF(A6601<=6601*3,Pricebooks!$D$4,""))) -> 2024-01 Pricebook | G6601: 100 | I6601: 2024-02 Pricebook | J6601: =G6601*(1+0.05/12) -> 100.41667 | L6601: 2024-03 Pricebook | M6601: =J6601*(1+0.05/12) -> 100.83507 | O6601: 2024-04 Pricebook | P6601: =M6601*(1+0.05/12) -> 101.25522 | R6601: 2024-05 Pricebook | S6601: =P6601*(1+0.05/12) -> 101.67711 | U6601: 2024-06 Pricebook | V6601: =S6601*(1+0.05/12) -> 102.10077 | X6601: =X6600 -> 2024-07 Pricebook | Y6601: =V6601*(1+0.05/12) -> 102.52619 | AA6601: =AA6600 -> 2024-08 Pricebook | AB6601: =Y6601*(1+0.05/12) -> 102.95338 | AD6601: =AD6600 -> 2024-09 Pricebook | AE6601: =AB6601*(1+0.05/12) -> 103.38235 | AG6601: =AG6600 -> 2024-10 Pricebook | AH6601: =AE6601*(1+0.05/12) -> 103.81311 | AJ6601: =AJ6600 -> 2024-11 Pricebook | AK6601: =AH6601*(1+0.05/12) -> 104.24567 | AM6601: =AM6600 -> 2024-12 Pricebook | AN6601: =AK6601*(1+0.05/12) -> 104.68002
