Workbook

Sheet Import
A1: ID | B1: _Tenure__c | C1: Tenure__c
A2: a1G4J0000025tShUAI | B2: Sold | C2: =IFERROR(VLOOKUP(B2, Mapping!A:B, 2, FALSE), B2) -> Sold
A3: a1G4J0000025tSmUAI | B3: Sold | C3: =IFERROR(VLOOKUP(B3, Mapping!A:B, 2, FALSE), B3) -> Sold
A4: a1G4J0000025tSnUAI | B4: ChiefRent | C4: =IFERROR(VLOOKUP(B4, Mapping!A:B, 2, FALSE), B4) -> ChiefRent
A5: a1G4J0000025tSrUAI | B5: Sold | C5: =IFERROR(VLOOKUP(B5, Mapping!A:B, 2, FALSE), B5) -> Sold
A6: a1G4J0000025tSsUAI | B6: Sold | C6: =IFERROR(VLOOKUP(B6, Mapping!A:B, 2, FALSE), B6) -> Sold
A7: a1G4J0000025tStUAI | B7: Sold | C7: =IFERROR(VLOOKUP(B7, Mapping!A:B, 2, FALSE), B7) -> Sold
A8: a1G4J0000025tSwUAI | B8: Sold | C8: =IFERROR(VLOOKUP(B8, Mapping!A:B, 2, FALSE), B8) -> Sold
A9: a1G4J0000025tSxUAI | B9: Sold | C9: =IFERROR(VLOOKUP(B9, Mapping!A:B, 2, FALSE), B9) -> Sold
A10: a1G4J0000025tSyUAI | B10: Regulated | C10: =IFERROR(VLOOKUP(B10, Mapping!A:B, 2, FALSE), B10) -> Regulated
A11: a1G4J0000025tSzUAI | B11: Sold | C11: =IFERROR(VLOOKUP(B11, Mapping!A:B, 2, FALSE), B11) -> Sold
A12: a1G4J0000025tT0UAI | B12: Grnd Rent | C12: =IFERROR(VLOOKUP(B12, Mapping!A:B, 2, FALSE), B12) -> Grnd Rent
A13: a1G4J0000025tT1UAI | B13: Sold | C13: =IFERROR(VLOOKUP(B13, Mapping!A:B, 2, FALSE), B13) -> Sold
... A10517: a1G4J0000025xSlUAI | B10517: Sold | C10517: =IFERROR(VLOOKUP(B10517, Mapping!A:B, 2, FALSE), B10517) -> Sold
A10518: a1G4J0000025xSmUAI | B10518: #N/A | C10518: =IFERROR(VLOOKUP(B10518, Mapping!A:B, 2, FALSE), B10518) -> #N/A
A10519: a1G4J0000025xSnUAI | B10519: AST | C10519: =IFERROR(VLOOKUP(B10519, Mapping!A:B, 2, FALSE), B10519) -> AST
A10520: a1G4J0000025xSqUAI | B10520: Dummy | C10520: =IFERROR(VLOOKUP(B10520, Mapping!A:B, 2, FALSE), B10520) -> Dummy
A10521: a1G4J0000025xSrUAI | B10521: Dummy | C10521: =IFERROR(VLOOKUP(B10521, Mapping!A:B, 2, FALSE), B10521) -> Dummy
A10522: a1G4J0000025xSsUAI | B10522: Sold | C10522: =IFERROR(VLOOKUP(B10522, Mapping!A:B, 2, FALSE), B10522) -> Sold
A10523: a1G4J0000025xStUAI | B10523: Sold | C10523: =IFERROR(VLOOKUP(B10523, Mapping!A:B, 2, FALSE), B10523) -> Sold
A10524: a1G4J0000025xSuUAI | B10524: Sold | C10524: =IFERROR(VLOOKUP(B10524, Mapping!A:B, 2, FALSE), B10524) -> Sold
A10525: a1G4J0000025xSvUAI | B10525: Sh Owner | C10525: =IFERROR(VLOOKUP(B10525, Mapping!A:B, 2, FALSE), B10525) -> Sh Owner
A10526: a1G4J0000025xSwUAI | B10526: Aff Rent | C10526: =IFERROR(VLOOKUP(B10526, Mapping!A:B, 2, FALSE), B10526) -> Aff Rent
A10527: a1G4J0000025xSxUAI | B10527: Sold | C10527: =IFERROR(VLOOKUP(B10527, Mapping!A:B, 2, FALSE), B10527) -> Sold
A10528: a1G4J0000025xSyUAI | B10528: Sold | C10528: =IFERROR(VLOOKUP(B10528, Mapping!A:B, 2, FALSE), B10528) -> Sold
A10529: a1G4J0000025xSzUAI | B10529: Sold | C10529: =IFERROR(VLOOKUP(B10529, Mapping!A:B, 2, FALSE), B10529) -> Sold
A10530: a1G4J0000025xT0UAI | B10530: Dummy | C10530: =IFERROR(VLOOKUP(B10530, Mapping!A:B, 2, FALSE), B10530) -> Dummy
... A10684: a1G4J0000025xWCUAY | B10684: EstateChg | C10684: =IFERROR(VLOOKUP(B10684, Mapping!A:B, 2, FALSE), B10684) -> EstateChg
A10685: a1G4J0000025xWDUAY | B10685: #N/A | C10685: =IFERROR(VLOOKUP(B10685, Mapping!A:B, 2, FALSE), B10685) -> #N/A
A10686: a1G4J0000025xWEUAY | B10686: Aff Rent | C10686: =IFERROR(VLOOKUP(B10686, Mapping!A:B, 2, FALSE), B10686) -> Aff Rent
A10687: a1G4J0000025xWFUAY | B10687: Sold | C10687: =IFERROR(VLOOKUP(B10687, Mapping!A:B, 2, FALSE), B10687) -> Sold
A10688: a1G4J0000025xWGUAY | B10688: Sold | C10688: =IFERROR(VLOOKUP(B10688, Mapping!A:B, 2, FALSE), B10688) -> Sold
A10689: a1G4J0000025xWHUAY | B10689: Grnd Rent | C10689: =IFERROR(VLOOKUP(B10689, Mapping!A:B, 2, FALSE), B10689) -> Grnd Rent
A10690: a1G4J0000025xWIUAY | B10690: Nil GR | C10690: =IFERROR(VLOOKUP(B10690, Mapping!A:B, 2, FALSE), B10690) -> Nil GR
A10691: a1G4J0000025xWJUAY | B10691: Aff Rent | C10691: =IFERROR(VLOOKUP(B10691, Mapping!A:B, 2, FALSE), B10691) -> Aff Rent
A10692: a1G4J0000025xWKUAY | B10692: Regulated | C10692: =IFERROR(VLOOKUP(B10692, Mapping!A:B, 2, FALSE), B10692) -> Regulated
A10693: a1G4J0000025xWLUAY | B10693: Sold | C10693: =IFERROR(VLOOKUP(B10693, Mapping!A:B, 2, FALSE), B10693) -> Sold
A10694: a1G4J0000025xWMUAY | B10694: Sold | C10694: =IFERROR(VLOOKUP(B10694, Mapping!A:B, 2, FALSE), B10694) -> Sold
A10695: a1G4J0000025xWNUAY | B10695: Sold | C10695: =IFERROR(VLOOKUP(B10695, Mapping!A:B, 2, FALSE), B10695) -> Sold
A10696: a1G4J0000025xWOUAY | B10696: Sh Owner | C10696: =IFERROR(VLOOKUP(B10696, Mapping!A:B, 2, FALSE), B10696) -> Sh Owner
A10697: a1G4J0000025xWTUAY | B10697: Aff Rent | C10697: =IFERROR(VLOOKUP(B10697, Mapping!A:B, 2, FALSE), B10697) -> Aff Rent
... A10733: a1G4J0000025xXAUAY | B10733: Grnd Rent | C10733: =IFERROR(VLOOKUP(B10733, Mapping!A:B, 2, FALSE), B10733) -> Grnd Rent
A10734: a1G4J0000025xXBUAY | B10734: #N/A | C10734: =IFERROR(VLOOKUP(B10734, Mapping!A:B, 2, FALSE), B10734) -> #N/A
A10735: a1G4J0000025xXCUAY | B10735: Sh Owner | C10735: =IFERROR(VLOOKUP(B10735, Mapping!A:B, 2, FALSE), B10735) -> Sh Owner
A10736: a1G4J0000025xXDUAY | B10736: Aff Rent | C10736: =IFERROR(VLOOKUP(B10736, Mapping!A:B, 2, FALSE), B10736) -> Aff Rent
A10737: a1G4J0000025xXHUAY | B10737: Aff Rent | C10737: =IFERROR(VLOOKUP(B10737, Mapping!A:B, 2, FALSE), B10737) -> Aff Rent
A10738: a1G4J0000025xXIUAY | B10738: Aff Rent | C10738: =IFERROR(VLOOKUP(B10738, Mapping!A:B, 2, FALSE), B10738) -> Aff Rent
A10739: a1G4J0000025xXJUAY | B10739: DMR-AST | C10739: =IFERROR(VLOOKUP(B10739, Mapping!A:B, 2, FALSE), B10739) -> DMR-SOC
A10740: a1G4J0000025xXKUAY | B10740: Licence | C10740: =IFERROR(VLOOKUP(B10740, Mapping!A:B, 2, FALSE), B10740) -> Licence
A10741: a1G4J0000025xXLUAY | B10741: Licence | C10741: =IFERROR(VLOOKUP(B10741, Mapping!A:B, 2, FALSE), B10741) -> Licence
A10742: a1G4J0000025xXMUAY | B10742: Aff Rent | C10742: =IFERROR(VLOOKUP(B10742, Mapping!A:B, 2, FALSE), B10742) -> Aff Rent
A10743: a1G4J0000025xXNUAY | B10743: DMR-AST | C10743: =IFERROR(VLOOKUP(B10743, Mapping!A:B, 2, FALSE), B10743) -> DMR-SOC
A10744: a1G4J0000025xXOUAY | B10744: Aff Rent | C10744: =IFERROR(VLOOKUP(B10744, Mapping!A:B, 2, FALSE), B10744) -> Aff Rent
A10745: a1G4J0000025xXPUAY | B10745: DMR-AST | C10745: =IFERROR(VLOOKUP(B10745, Mapping!A:B, 2, FALSE), B10745) -> DMR-SOC
A10746: a1G4J0000025xXQUAY | B10746: Regulated | C10746: =IFERROR(VLOOKUP(B10746, Mapping!A:B, 2, FALSE), B10746) -> Regulated
... A11912: a1G4J0000025xtuUAA | B11912: AST | C11912: =IFERROR(VLOOKUP(B11912, Mapping!A:B, 2, FALSE), B11912) -> AST
A11913: a1G4J0000025xtvUAA | B11913: #N/A | C11913: =IFERROR(VLOOKUP(B11913, Mapping!A:B, 2, FALSE), B11913) -> #N/A
A11914: a1G4J0000025xtwUAA | B11914: AST | C11914: =IFERROR(VLOOKUP(B11914, Mapping!A:B, 2, FALSE), B11914) -> AST
A11915: a1G4J0000025xtxUAA | B11915: Nil GR | C11915: =IFERROR(VLOOKUP(B11915, Mapping!A:B, 2, FALSE), B11915) -> Nil GR
A11916: a1G4J0000025xtyUAA | B11916: Sold | C11916: =IFERROR(VLOOKUP(B11916, Mapping!A:B, 2, FALSE), B11916) -> Sold
A11917: a1G4J0000025xtzUAA | B11917: AST | C11917: =IFERROR(VLOOKUP(B11917, Mapping!A:B, 2, FALSE), B11917) -> AST
A11918: a1G4J0000025xu0UAA | B11918: Licence | C11918: =IFERROR(VLOOKUP(B11918, Mapping!A:B, 2, FALSE), B11918) -> Licence
A11919: a1G4J0000025xu1UAA | B11919: Sold | C11919: =IFERROR(VLOOKUP(B11919, Mapping!A:B, 2, FALSE), B11919) -> Sold
A11920: a1G4J0000025xu2UAA | B11920: AST | C11920: =IFERROR(VLOOKUP(B11920, Mapping!A:B, 2, FALSE), B11920) -> AST
A11921: a1G4J0000025xu3UAA | B11921: Vacant | C11921: =IFERROR(VLOOKUP(B11921, Mapping!A:B, 2, FALSE), B11921) -> Vacant
A11922: a1G4J0000025xu4UAA | B11922: AST | C11922: =IFERROR(VLOOKUP(B11922, Mapping!A:B, 2, FALSE), B11922) -> AST
A11923: a1G4J0000025xu5UAA | B11923: AST | C11923: =IFERROR(VLOOKUP(B11923, Mapping!A:B, 2, FALSE), B11923) -> AST
A11924: a1G4J0000025xu6UAA | B11924: Sold | C11924: =IFERROR(VLOOKUP(B11924, Mapping!A:B, 2, FALSE), B11924) -> Sold
A11925: a1G4J0000025xu7UAA | B11925: Nil GR | C11925: =IFERROR(VLOOKUP(B11925, Mapping!A:B, 2, FALSE), B11925) -> Nil GR
... A12003: a1G4J0000025xvYUAQ | B12003: AST | C12003: =IFERROR(VLOOKUP(B12003, Mapping!A:B, 2, FALSE), B12003) -> AST
A12004: a1G4J0000025xvZUAQ | B12004: #N/A | C12004: =IFERROR(VLOOKUP(B12004, Mapping!A:B, 2, FALSE), B12004) -> #N/A
A12005: a1G4J0000025xvaUAA | B12005: AST | C12005: =IFERROR(VLOOKUP(B12005, Mapping!A:B, 2, FALSE), B12005) -> AST
A12006: a1G4J0000025xvdUAA | B12006: AST | C12006: =IFERROR(VLOOKUP(B12006, Mapping!A:B, 2, FALSE), B12006) -> AST
A12007: a1G4J0000025xveUAA | B12007: AST | C12007: =IFERROR(VLOOKUP(B12007, Mapping!A:B, 2, FALSE), B12007) -> AST
A12008: a1G4J0000025xvfUAA | B12008: AST | C12008: =IFERROR(VLOOKUP(B12008, Mapping!A:B, 2, FALSE), B12008) -> AST
A12009: a1G4J0000025xvgUAA | B12009: AST | C12009: =IFERROR(VLOOKUP(B12009, Mapping!A:B, 2, FALSE), B12009) -> AST
A12010: a1G4J0000025xvhUAA | B12010: AST | C12010: =IFERROR(VLOOKUP(B12010, Mapping!A:B, 2, FALSE), B12010) -> AST
A12011: a1G4J0000025xviUAA | B12011: Nil GR | C12011: =IFERROR(VLOOKUP(B12011, Mapping!A:B, 2, FALSE), B12011) -> Nil GR
A12012: a1G4J0000025xvjUAA | B12012: AST | C12012: =IFERROR(VLOOKUP(B12012, Mapping!A:B, 2, FALSE), B12012) -> AST
A12013: a1G4J0000025xvkUAA | B12013: AST | C12013: =IFERROR(VLOOKUP(B12013, Mapping!A:B, 2, FALSE), B12013) -> AST
A12014: a1G4J0000025xvlUAA | B12014: Sold | C12014: =IFERROR(VLOOKUP(B12014, Mapping!A:B, 2, FALSE), B12014) -> Sold
A12015: a1G4J0000025xvmUAA | B12015: Live Work | C12015: =IFERROR(VLOOKUP(B12015, Mapping!A:B, 2, FALSE), B12015) -> Live Work
A12016: a1G4J0000025xvnUAA | B12016: Nil GR | C12016: =IFERROR(VLOOKUP(B12016, Mapping!A:B, 2, FALSE), B12016) -> Nil GR
... A12392: a1G4J0000025y2hUAA | B12392: Licence | C12392: =IFERROR(VLOOKUP(B12392, Mapping!A:B, 2, FALSE), B12392) -> Licence
A12393: a1G4J0000025y2iUAA | B12393: #N/A | C12393: =IFERROR(VLOOKUP(B12393, Mapping!A:B, 2, FALSE), B12393) -> #N/A
A12394: a1G4J0000025y2jUAA | B12394: AST | C12394: =IFERROR(VLOOKUP(B12394, Mapping!A:B, 2, FALSE), B12394) -> AST
A12395: a1G4J0000025y2kUAA | B12395: AST | C12395: =IFERROR(VLOOKUP(B12395, Mapping!A:B, 2, FALSE), B12395) -> AST
A12396: a1G4J0000025y2lUAA | B12396: AST | C12396: =IFERROR(VLOOKUP(B12396, Mapping!A:B, 2, FALSE), B12396) -> AST
A12397: a1G4J0000025y2mUAA | B12397: AST | C12397: =IFERROR(VLOOKUP(B12397, Mapping!A:B, 2, FALSE), B12397) -> AST
A12398: a1G4J0000025y2nUAA | B12398: AST | C12398: =IFERROR(VLOOKUP(B12398, Mapping!A:B, 2, FALSE), B12398) -> AST
A12399: a1G4J0000025y2oUAA | B12399: AST | C12399: =IFERROR(VLOOKUP(B12399, Mapping!A:B, 2, FALSE), B12399) -> AST
A12400: a1G4J0000025y2pUAA | B12400: AST | C12400: =IFERROR(VLOOKUP(B12400, Mapping!A:B, 2, FALSE), B12400) -> AST
A12401: a1G4J0000025y2qUAA | B12401: Licence | C12401: =IFERROR(VLOOKUP(B12401, Mapping!A:B, 2, FALSE), B12401) -> Licence
A12402: a1G4J0000025y2rUAA | B12402: AST | C12402: =IFERROR(VLOOKUP(B12402, Mapping!A:B, 2, FALSE), B12402) -> AST
A12403: a1G4J0000025y2sUAA | B12403: AST | C12403: =IFERROR(VLOOKUP(B12403, Mapping!A:B, 2, FALSE), B12403) -> AST
A12404: a1G4J0000025y2tUAA | B12404: AST | C12404: =IFERROR(VLOOKUP(B12404, Mapping!A:B, 2, FALSE), B12404) -> AST
A12405: a1G4J0000025y2yUAA | B12405: AST | C12405: =IFERROR(VLOOKUP(B12405, Mapping!A:B, 2, FALSE), B12405) -> AST
... A13270: a1G4J0000025yJhUAI | B13270: AST Chc | C13270: =IFERROR(VLOOKUP(B13270, Mapping!A:B, 2, FALSE), B13270) -> AST Chc
A13271: a1G4J0000025yJiUAI | B13271: #N/A | C13271: =IFERROR(VLOOKUP(B13271, Mapping!A:B, 2, FALSE), B13271) -> #N/A
A13272: a1G4J0000025yJjUAI | B13272: Comp-Let | C13272: =IFERROR(VLOOKUP(B13272, Mapping!A:B, 2, FALSE), B13272) -> Comp-Let
...

Sheet Mapping
A1: Gr Lets | B1: DMR | C1: Gr Lets | D1: =IFERROR(VLOOKUP(C1, Mapping!A:B, 2, FALSE), C1) -> DMR
A2: DMR-AST | B2: DMR-SOC | C2: DMR-AST | D2: =IFERROR(VLOOKUP(C2, Mapping!A:B, 2, FALSE), C2) -> DMR-SOC

Sheet Excluded
A1: ID | B1: _Tenure__c | C1: Tenure__c
A2: Missing | B2: Vacant | C2: Vacant
A3: Missing | B3: Vacant | C3: Vacant
A4: Missing | B4: Insurance | C4: Insurance
A5: Missing | B5: Vacant | C5: Vacant
A6: Missing | B6: Vacant | C6: Vacant
A7: Missing | B7: CommLease | C7: CommLease
A8: Missing | B8: Vacant | C8: Vacant
A9: Missing | B9: Vacant | C9: Vacant
A10: Missing | B10: CommLease | C10: CommLease
A11: Missing | B11: Vacant | C11: Vacant
A12: Missing | B12: Vacant | C12: Vacant
... A66: Missing | B66: Land | C66: Land

Sheet imported
A1: ID | B1: _Tenure__c | C1: Tenure__c | D1: __Status | E1: __Id | F1: __Action | G1: __Errors
A2: a1G4J0000025tShUAI | B2: Sold | C2: Sold | D2: Succeeded | E2: a1G4J0000025tShUAI | F2: Updated
A3: a1G4J0000025tSmUAI | B3: Sold | C3: Sold | D3: Succeeded | E3: a1G4J0000025tSmUAI | F3: Updated
A4: a1G4J0000025tSnUAI | B4: ChiefRent | C4: ChiefRent | D4: Succeeded | E4: a1G4J0000025tSnUAI | F4: Updated
A5: a1G4J0000025tSrUAI | B5: Sold | C5: Sold | D5: Succeeded | E5: a1G4J0000025tSrUAI | F5: Updated
A6: a1G4J0000025tSsUAI | B6: Sold | C6: Sold | D6: Succeeded | E6: a1G4J0000025tSsUAI | F6: Updated
A7: a1G4J0000025tStUAI | B7: Sold | C7: Sold | D7: Succeeded | E7: a1G4J0000025tStUAI | F7: Updated
A8: a1G4J0000025tSwUAI | B8: Sold | C8: Sold | D8: Succeeded | E8: a1G4J0000025tSwUAI | F8: Updated
A9: a1G4J0000025tSxUAI | B9: Sold | C9: Sold | D9: Succeeded | E9: a1G4J0000025tSxUAI | F9: Updated
A10: a1G4J0000025tSyUAI | B10: Regulated | C10: Regulated | D10: Succeeded | E10: a1G4J0000025tSyUAI | F10: Updated
A11: a1G4J0000025tSzUAI | B11: Sold | C11: Sold | D11: Succeeded | E11: a1G4J0000025tSzUAI | F11: Updated
A12: a1G4J0000025tT0UAI | B12: Grnd Rent | C12: Grnd Rent | D12: Succeeded | E12: a1G4J0000025tT0UAI | F12: Updated
A13: a1G4J0000025tT1UAI | B13: Sold | C13: Sold | D13: Succeeded | E13: a1G4J0000025tT1UAI | F13: Updated
... A28085: a1GNz000003NbGTMA0 | B28085: Aff Rent | C28085: Aff Rent | D28085: Succeeded | E28085: a1GNz000003NbGTMA0 | F28085: Updated

Sheet Kick Outs
A1: ID | B1: _Tenure__c | C1: Tenure__c | D1: __Status | E1: __Id | F1: __Action | G1: __Errors
A2: a1G4J0000025tUqUAI | B2: Vac-A | C2: Vac-A | D2: Failed | E2: a1G4J0000025tUqUAI | G2: INVALID_OR_NULL_FOR_RESTRICTED_PICKLIST: Tenure: bad value for restricted picklist field: Vac-A [Tenure__c]
A3: a1G4J0000025tUsUAI | B3: Vac-A | C3: Vac-A | D3: Failed | E3: a1G4J0000025tUsUAI | G3: INVALID_OR_NULL_FOR_RESTRICTED_PICKLIST: Tenure: bad value for restricted picklist field: Vac-A [Tenure__c]
A4: a1G4J0000025tVAUAY | B4: Dummy | C4: Dummy | D4: Failed | E4: a1G4J0000025tVAUAY | G4: INVALID_OR_NULL_FOR_RESTRICTED_PICKLIST: Tenure: bad value for restricted picklist field: Dummy [Tenure__c]
A5: a1G4J0000025tWKUAY | B5: Vac-A | C5: Vac-A | D5: Failed | E5: a1G4J0000025tWKUAY | G5: INVALID_OR_NULL_FOR_RESTRICTED_PICKLIST: Tenure: bad value for restricted picklist field: Vac-A [Tenure__c]
A6: a1G4J0000025tWZUAY | B6: Vac-A | C6: Vac-A | D6: Failed | E6: a1G4J0000025tWZUAY | G6: INVALID_OR_NULL_FOR_RESTRICTED_PICKLIST: Tenure: bad value for restricted picklist field: Vac-A [Tenure__c]
A7: a1G4J0000025tWdUAI | B7: Vac-A | C7: Vac-A | D7: Failed | E7: a1G4J0000025tWdUAI | G7: INVALID_OR_NULL_FOR_RESTRICTED_PICKLIST: Tenure: bad value for restricted picklist field: Vac-A [Tenure__c]
A8: a1G4J0000025tWtUAI | B8: Vac-A | C8: Vac-A | D8: Failed | E8: a1G4J0000025tWtUAI | G8: INVALID_OR_NULL_FOR_RESTRICTED_PICKLIST: Tenure: bad value for restricted picklist field: Vac-A [Tenure__c]
A9: a1G4J0000025tX8UAI | B9: Vac-A | C9: Vac-A | D9: Failed | E9: a1G4J0000025tX8UAI | G9: INVALID_OR_NULL_FOR_RESTRICTED_PICKLIST: Tenure: bad value for restricted picklist field: Vac-A [Tenure__c]
A10: a1G4J0000025tXIUAY | B10: Vac-A | C10: Vac-A | D10: Failed | E10: a1G4J0000025tXIUAY | G10: INVALID_OR_NULL_FOR_RESTRICTED_PICKLIST: Tenure: bad value for restricted picklist field: Vac-A [Tenure__c]
A11: a1G4J0000025tXSUAY | B11: Vac-A | C11: Vac-A | D11: Failed | E11: a1G4J0000025tXSUAY | G11: INVALID_OR_NULL_FOR_RESTRICTED_PICKLIST: Tenure: bad value for restricted picklist field: Vac-A [Tenure__c]
A12: a1G4J0000025tdOUAQ | B12: Land | C12: Land | D12: Failed | E12: a1G4J0000025tdOUAQ | G12: INVALID_OR_NULL_FOR_RESTRICTED_PICKLIST: Tenure: bad value for restricted picklist field: Land [Tenure__c]
A13: a1G4J0000025tdrUAA | B13: Vac-A | C13: Vac-A | D13: Failed | E13: a1G4J0000025tdrUAA | G13: INVALID_OR_NULL_FOR_RESTRICTED_PICKLIST: Tenure: bad value for restricted picklist field: Vac-A [Tenure__c]
... A652: a1G4J0000025xSgUAI | B652: Dummy | C652: Dummy | D652: Failed | E652: a1G4J0000025xSgUAI | G652: INVALID_OR_NULL_FOR_RESTRICTED_PICKLIST: Tenure: bad value for restricted picklist field: Dummy [Tenure__c]
A653: a1G4J0000025xSmUAI | B653: #N/A | C653: #N/A | D653: Failed | E653: a1G4J0000025xSmUAI | G653: INVALID_OR_NULL_FOR_RESTRICTED_PICKLIST: Tenure: bad value for restricted picklist field: #N/A [Tenure__c]
A654: a1G4J0000025xSqUAI | B654: Dummy | C654: Dummy | D654: Failed | E654: a1G4J0000025xSqUAI | G654: INVALID_OR_NULL_FOR_RESTRICTED_PICKLIST: Tenure: bad value for restricted picklist field: Dummy [Tenure__c]
A655: a1G4J0000025xSrUAI | B655: Dummy | C655: Dummy | D655: Failed | E655: a1G4J0000025xSrUAI | G655: INVALID_OR_NULL_FOR_RESTRICTED_PICKLIST: Tenure: bad value for restricted picklist field: Dummy [Tenure__c]
A656: a1G4J0000025xT0UAI | B656: Dummy | C656: Dummy | D656: Failed | E656: a1G4J0000025xT0UAI | G656: INVALID_OR_NULL_FOR_RESTRICTED_PICKLIST: Tenure: bad value for restricted picklist field: Dummy [Tenure__c]
A657: a1G4J0000025xT5UAI | B657: Dummy | C657: Dummy | D657: Failed | E657: a1G4J0000025xT5UAI | G657: INVALID_OR_NULL_FOR_RESTRICTED_PICKLIST: Tenure: bad value for restricted picklist field: Dummy [Tenure__c]
A658: a1G4J0000025xTAUAY | B658: Dummy | C658: Dummy | D658: Failed | E658: a1G4J0000025xTAUAY | G658: INVALID_OR_NULL_FOR_RESTRICTED_PICKLIST: Tenure: bad value for restricted picklist field: Dummy [Tenure__c]
A659: a1G4J0000025xTFUAY | B659: Dummy | C659: Dummy | D659: Failed | E659: a1G4J0000025xTFUAY | G659: INVALID_OR_NULL_FOR_RESTRICTED_PICKLIST: Tenure: bad value for restricted picklist field: Dummy [Tenure__c]
A660: a1G4J0000025xTKUAY | B660: Dummy | C660: Dummy | D660: Failed | E660: a1G4J0000025xTKUAY | G660: INVALID_OR_NULL_FOR_RESTRICTED_PICKLIST: Tenure: bad value for restricted picklist field: Dummy [Tenure__c]
A661: a1G4J0000025xTPUAY | B661: Dummy | C661: Dummy | D661: Failed | E661: a1G4J0000025xTPUAY | G661: INVALID_OR_NULL_FOR_RESTRICTED_PICKLIST: Tenure: bad value for restricted picklist field: Dummy [Tenure__c]
A662: a1G4J0000025xTUUAY | B662: Dummy | C662: Dummy | D662: Failed | E662: a1G4J0000025xTUUAY | G662: INVALID_OR_NULL_FOR_RESTRICTED_PICKLIST: Tenure: bad value for restricted picklist field: Dummy [Tenure__c]
A663: a1G4J0000025xTZUAY | B663: Dummy | C663: Dummy | D663: Failed | E663: a1G4J0000025xTZUAY | G663: INVALID_OR_NULL_FOR_RESTRICTED_PICKLIST: Tenure: bad value for restricted picklist field: Dummy [Tenure__c]
A664: a1G4J0000025xTeUAI | B664: Dummy | C664: Dummy | D664: Failed | E664: a1G4J0000025xTeUAI | G664: INVALID_OR_NULL_FOR_RESTRICTED_PICKLIST: Tenure: bad value for restricted picklist field: Dummy [Tenure__c]
A665: a1G4J0000025xTjUAI | B665: Dummy | C665: Dummy | D665: Failed | E665: a1G4J0000025xTjUAI | G665: INVALID_OR_NULL_FOR_RESTRICTED_PICKLIST: Tenure: bad value for restricted picklist field: Dummy [Tenure__c]
... A674: a1G4J0000025xUcUAI | B674: Dummy | C674: Dummy | D674: Failed | E674: a1G4J0000025xUcUAI | G674: INVALID_OR_NULL_FOR_RESTRICTED_PICKLIST: Tenure: bad value for restricted picklist field: Dummy [Tenure__c]
A675: a1G4J0000025xWDUAY | B675: #N/A | C675: #N/A | D675: Failed | E675: a1G4J0000025xWDUAY | G675: INVALID_OR_NULL_FOR_RESTRICTED_PICKLIST: Tenure: bad value for restricted picklist field: #N/A [Tenure__c]
A676: a1G4J0000025xXBUAY | B676: #N/A | C676: #N/A | D676: Failed | E676: a1G4J0000025xXBUAY | G676: INVALID_OR_NULL_FOR_RESTRICTED_PICKLIST: Tenure: bad value for restricted picklist field: #N/A [Tenure__c]
A677: a1G4J0000025xh7UAA | B677: Vac-A | C677: Vac-A | D677: Failed | E677: a1G4J0000025xh7UAA | G677: INVALID_OR_NULL_FOR_RESTRICTED_PICKLIST: Tenure: bad value for restricted picklist field: Vac-A [Tenure__c]
A678: a1G4J0000025xtvUAA | B678: #N/A | C678: #N/A | D678: Failed | E678: a1G4J0000025xtvUAA | G678: INVALID_OR_NULL_FOR_RESTRICTED_PICKLIST: Tenure: bad value for restricted picklist field: #N/A [Tenure__c]
A679: a1G4J0000025xvZUAQ | B679: #N/A | C679: #N/A | D679: Failed | E679: a1G4J0000025xvZUAQ | G679: INVALID_OR_NULL_FOR_RESTRICTED_PICKLIST: Tenure: bad value for restricted picklist field: #N/A [Tenure__c]
A680: a1G4J0000025y2iUAA | B680: #N/A | C680: #N/A | D680: Failed | E680: a1G4J0000025y2iUAA | G680: INVALID_OR_NULL_FOR_RESTRICTED_PICKLIST: Tenure: bad value for restricted picklist field: #N/A [Tenure__c]
A681: a1G4J0000025y9YUAQ | B681: VAC-MW | C681: VAC-MW | D681: Failed | E681: a1G4J0000025y9YUAQ | G681: INVALID_OR_NULL_FOR_RESTRICTED_PICKLIST: Tenure: bad value for restricted picklist field: VAC-MW [Tenure__c]
A682: a1G4J0000025yFwUAI | B682: VAC-MW | C682: VAC-MW | D682: Failed | E682: a1G4J0000025yFwUAI | G682: INVALID_OR_NULL_FOR_RESTRICTED_PICKLIST: Tenure: bad value for restricted picklist field: VAC-MW [Tenure__c]
A683: a1G4J0000025yI9UAI | B683: VAC-MW | C683: VAC-MW | D683: Failed | E683: a1G4J0000025yI9UAI | G683: INVALID_OR_NULL_FOR_RESTRICTED_PICKLIST: Tenure: bad value for restricted picklist field: VAC-MW [Tenure__c]
A684: a1G4J0000025yIoUAI | B684: VAC-MW | C684: VAC-MW | D684: Failed | E684: a1G4J0000025yIoUAI | G684: INVALID_OR_NULL_FOR_RESTRICTED_PICKLIST: Tenure: bad value for restricted picklist field: VAC-MW [Tenure__c]
A685: a1G4J0000025yJiUAI | B685: #N/A | C685: #N/A | D685: Failed | E685: a1G4J0000025yJiUAI | G685: INVALID_OR_NULL_FOR_RESTRICTED_PICKLIST: Tenure: bad value for restricted picklist field: #N/A [Tenure__c]
A686: a1G4J0000025yKJUAY | B686: Dummy | C686: Dummy | D686: Failed | E686: a1G4J0000025yKJUAY | G686: INVALID_OR_NULL_FOR_RESTRICTED_PICKLIST: Tenure: bad value for restricted picklist field: Dummy [Tenure__c]
A687: a1G4J0000025yPNUAY | B687: VAC-MW | C687: VAC-MW | D687: Failed | E687: a1G4J0000025yPNUAY | G687: INVALID_OR_NULL_FOR_RESTRICTED_PICKLIST: Tenure: bad value for restricted picklist field: VAC-MW [Tenure__c]
A688: a1G4J0000025ySJUAY | B688: VAC-MW | C688: VAC-MW | D688: Failed | E688: a1G4J0000025ySJUAY | G688: INVALID_OR_NULL_FOR_RESTRICTED_PICKLIST: Tenure: bad value for restricted picklist field: VAC-MW [Tenure__c]
A689: a1G4J0000025yTTUAY | B689: VAC-MW | C689: VAC-MW | D689: Failed | E689: a1G4J0000025yTTUAY | G689: INVALID_OR_NULL_FOR_RESTRICTED_PICKLIST: Tenure: bad value for restricted picklist field: VAC-MW [Tenure__c]
A690: a1G4J0000025yXTUAY | B690: VAC-MW | C690: VAC-MW | D690: Failed | E690: a1G4J0000025yXTUAY | G690: INVALID_OR_NULL_FOR_RESTRICTED_PICKLIST: Tenure: bad value for restricted picklist field: VAC-MW [Tenure__c]
A691: a1G4J0000025yXdUAI | B691: VAC-MW | C691: VAC-MW | D691: Failed | E691: a1G4J0000025yXdUAI | G691: INVALID_OR_NULL_FOR_RESTRICTED_PICKLIST: Tenure: bad value for restricted picklist field: VAC-MW [Tenure__c]
A692: a1G4J0000025yXkUAI | B692: VAC-MW | C692: VAC-MW | D692: Failed | E692: a1G4J0000025yXkUAI | G692: INVALID_OR_NULL_FOR_RESTRICTED_PICKLIST: Tenure: bad value for restricted picklist field: VAC-MW [Tenure__c]
A693: a1G4J0000025yaGUAQ | B693: #N/A | C693: #N/A | D693: Failed | E693: a1G4J0000025yaGUAQ | G693: INVALID_OR_NULL_FOR_RESTRICTED_PICKLIST: Tenure: bad value for restricted picklist field: #N/A [Tenure__c]
A694: a1G4J0000025yanUAA | B694: #N/A | C694: #N/A | D694: Failed | E694: a1G4J0000025yanUAA | G694: INVALID_OR_NULL_FOR_RESTRICTED_PICKLIST: Tenure: bad value for restricted picklist field: #N/A [Tenure__c]
A695: a1G4J0000025yc1UAA | B695: Vac-A | C695: Vac-A | D695: Failed | E695: a1G4J0000025yc1UAA | G695: INVALID_OR_NULL_FOR_RESTRICTED_PICKLIST: Tenure: bad value for restricted picklist field: Vac-A [Tenure__c]
A696: a1G4J0000025ye5UAA | B696: #N/A | C696: #N/A | D696: Failed | E696: a1G4J0000025ye5UAA | G696: INVALID_OR_NULL_FOR_RESTRICTED_PICKLIST: Tenure: bad value for restricted picklist field: #N/A [Tenure__c]
A697: a1G4J0000025ygGUAQ | B697: VAC-MW | C697: VAC-MW | D697: Failed | E697: a1G4J0000025ygGUAQ | G697: INVALID_OR_NULL_FOR_RESTRICTED_PICKLIST: Tenure: bad value for restricted picklist field: VAC-MW [Tenure__c]
A698: a1G4J0000025yhlUAA | B698: Land | C698: Land | D698: Failed | E698: a1G4J0000025yhlUAA | G698: INVALID_OR_NULL_FOR_RESTRICTED_PICKLIST: Tenure: bad value for restricted picklist field: Land [Tenure__c]
A699: a1G4J0000025yirUAA | B699: VAC-MW | C699: VAC-MW | D699: Failed | E699: a1G4J0000025yirUAA | G699: INVALID_OR_NULL_FOR_RESTRICTED_PICKLIST: Tenure: bad value for restricted picklist field: VAC-MW [Tenure__c]
A700: a1G4J0000025ylSUAQ | B700: VAC-MW | C700: VAC-MW | D700: Failed | E700: a1G4J0000025ylSUAQ | G700: INVALID_OR_NULL_FOR_RESTRICTED_PICKLIST: Tenure: bad value for restricted picklist field: VAC-MW [Tenure__c]
A701: a1G4J0000025yn3UAA | B701: VAC-MW | C701: VAC-MW | D701: Failed | E701: a1G4J0000025yn3UAA | G701: INVALID_OR_NULL_FOR_RESTRICTED_PICKLIST: Tenure: bad value for restricted picklist field: VAC-MW [Tenure__c]
A702: a1G4J0000025yndUAA | B702: #N/A | C702: #N/A | D702: Failed | E702: a1G4J0000025yndUAA | G702: INVALID_OR_NULL_FOR_RESTRICTED_PICKLIST: Tenure: bad value for restricted picklist field: #N/A [Tenure__c]
A703: a1G4J0000025yoNUAQ | B703: VAC-MW | C703: VAC-MW | D703: Failed | E703: a1G4J0000025yoNUAQ | G703: INVALID_OR_NULL_FOR_RESTRICTED_PICKLIST: Tenure: bad value for restricted picklist field: VAC-MW [Tenure__c]
A704: a1G4J0000025yp8UAA | B704: #N/A | C704: #N/A | D704: Failed | E704: a1G4J0000025yp8UAA | G704: INVALID_OR_NULL_FOR_RESTRICTED_PICKLIST: Tenure: bad value for restricted picklist field: #N/A [Tenure__c]
A705: a1G4J0000025ypBUAQ | B705: #N/A | C705: #N/A | D705: Failed | E705: a1G4J0000025ypBUAQ | G705: INVALID_OR_NULL_FOR_RESTRICTED_PICKLIST: Tenure: bad value for restricted picklist field: #N/A [Tenure__c]
A706: a1G4J0000025ypuUAA | B706: #N/A | C706: #N/A | D706: Failed | E706: a1G4J0000025ypuUAA | G706: INVALID_OR_NULL_FOR_RESTRICTED_PICKLIST: Tenure: bad value for restricted picklist field: #N/A [Tenure__c]
A707: a1G4J0000025yrGUAQ | B707: VAC-MW | C707: VAC-MW | D707: Failed | E707: a1G4J0000025yrGUAQ | G707: INVALID_OR_NULL_FOR_RESTRICTED_PICKLIST: Tenure: bad value for restricted picklist field: VAC-MW [Tenure__c]
A708: a1G4J0000025yrJUAQ | B708: VAC-MW | C708: VAC-MW | D708: Failed | E708: a1G4J0000025yrJUAQ | G708: INVALID_OR_NULL_FOR_RESTRICTED_PICKLIST: Tenure: bad value for restricted picklist field: VAC-MW [Tenure__c]
A709: a1G4J0000025ytXUAQ | B709: #N/A | C709: #N/A | D709: Failed | E709: a1G4J0000025ytXUAQ | G709: INVALID_OR_NULL_FOR_RESTRICTED_PICKLIST: Tenure: bad value for restricted picklist field: #N/A [Tenure__c]
A710: a1G4J0000025ythUAA | B710: VAC-MW | C710: VAC-MW | D710: Failed | E710: a1G4J0000025ythUAA | G710: INVALID_OR_NULL_FOR_RESTRICTED_PICKLIST: Tenure: bad value for restricted picklist field: VAC-MW [Tenure__c]
A711: a1G4J0000025yu1UAA | B711: VAC-MW | C711: VAC-MW | D711: Failed | E711: a1G4J0000025yu1UAA | G711: INVALID_OR_NULL_FOR_RESTRICTED_PICKLIST: Tenure: bad value for restricted picklist field: VAC-MW [Tenure__c]
A712: a1G4J0000025yu4UAA | B712: VAC-MW | C712: VAC-MW | D712: Failed | E712: a1G4J0000025yu4UAA | G712: INVALID_OR_NULL_FOR_RESTRICTED_PICKLIST: Tenure: bad value for restricted picklist field: VAC-MW [Tenure__c]
A713: a1G4J0000025yuyUAA | B713: VAC-MW | C713: VAC-MW | D713: Failed | E713: a1G4J0000025yuyUAA | G713: INVALID_OR_NULL_FOR_RESTRICTED_PICKLIST: Tenure: bad value for restricted picklist field: VAC-MW [Tenure__c]
A714: a1G4J0000025yv4UAA | B714: #N/A | C714: #N/A | D714: Failed | E714: a1G4J0000025yv4UAA | G714: INVALID_OR_NULL_FOR_RESTRICTED_PICKLIST: Tenure: bad value for restricted picklist field: #N/A [Tenure__c]
A715: a1G4J0000025yvHUAQ | B715: VAC-MW | C715: VAC-MW | D715: Failed | E715: a1G4J0000025yvHUAQ | G715: INVALID_OR_NULL_FOR_RESTRICTED_PICKLIST: Tenure: bad value for restricted picklist field: VAC-MW [Tenure__c]
A716: a1G4J0000025yvWUAQ | B716: VAC-MW | C716: VAC-MW | D716: Failed | E716: a1G4J0000025yvWUAQ | G716: INVALID_OR_NULL_FOR_RESTRICTED_PICKLIST: Tenure: bad value for restricted picklist field: VAC-MW [Tenure__c]
A717: a1G4J0000025yvfUAA | B717: VAC-MW | C717: VAC-MW | D717: Failed | E717: a1G4J0000025yvfUAA | G717: INVALID_OR_NULL_FOR_RESTRICTED_PICKLIST: Tenure: bad value for restricted picklist field: VAC-MW [Tenure__c]
A718: a1G4J0000025yvlUAA | B718: #N/A | C718: #N/A | D718: Failed | E718: a1G4J0000025yvlUAA | G718: INVALID_OR_NULL_FOR_RESTRICTED_PICKLIST: Tenure: bad value for restricted picklist field: #N/A [Tenure__c]
A719: a1G4J0000025ywCUAQ | B719: #N/A | C719: #N/A | D719: Failed | E719: a1G4J0000025ywCUAQ | G719: INVALID_OR_NULL_FOR_RESTRICTED_PICKLIST: Tenure: bad value for restricted picklist field: #N/A [Tenure__c]
A720: a1G4J0000025ywSUAQ | B720: VAC-MW | C720: VAC-MW | D720: Failed | E720: a1G4J0000025ywSUAQ | G720: INVALID_OR_NULL_FOR_RESTRICTED_PICKLIST: Tenure: bad value for restricted picklist field: VAC-MW [Tenure__c]
A721: a1G4J0000025ywwUAA | B721: VAC-MW | C721: VAC-MW | D721: Failed | E721: a1G4J0000025ywwUAA | G721: INVALID_OR_NULL_FOR_RESTRICTED_PICKLIST: Tenure: bad value for restricted picklist field: VAC-MW [Tenure__c]
A722: a1G4J0000025yxFUAQ | B722: #N/A | C722: #N/A | D722: Failed | E722: a1G4J0000025yxFUAQ | G722: INVALID_OR_NULL_FOR_RESTRICTED_PICKLIST: Tenure: bad value for restricted picklist field: #N/A [Tenure__c]
A723: a1G4J0000025yxHUAQ | B723: VAC-MW | C723: VAC-MW | D723: Failed | E723: a1G4J0000025yxHUAQ | G723: INVALID_OR_NULL_FOR_RESTRICTED_PICKLIST: Tenure: bad value for restricted picklist field: VAC-MW [Tenure__c]
A724: a1G4J0000025yxNUAQ | B724: #N/A | C724: #N/A | D724: Failed | E724: a1G4J0000025yxNUAQ | G724: INVALID_OR_NULL_FOR_RESTRICTED_PICKLIST: Tenure: bad value for restricted picklist field: #N/A [Tenure__c]
A725: a1G4J0000025yxZUAQ | B725: Land | C725: Land | D725: Failed | E725: a1G4J0000025yxZUAQ | G725: INVALID_OR_NULL_FOR_RESTRICTED_PICKLIST: Tenure: bad value for restricted picklist field: Land [Tenure__c]
A726: a1G4J0000025yxnUAA | B726: #N/A | C726: #N/A | D726: Failed | E726: a1G4J0000025yxnUAA | G726: INVALID_OR_NULL_FOR_RESTRICTED_PICKLIST: Tenure: bad value for restricted picklist field: #N/A [Tenure__c]
A727: a1G4J0000025yxoUAA | B727: #N/A | C727: #N/A | D727: Failed | E727: a1G4J0000025yxoUAA | G727: INVALID_OR_NULL_FOR_RESTRICTED_PICKLIST: Tenure: bad value for restricted picklist field: #N/A [Tenure__c]
A728: a1G4J0000025yy6UAA | B728: #N/A | C728: #N/A | D728: Failed | E728: a1G4J0000025yy6UAA | G728: INVALID_OR_NULL_FOR_RESTRICTED_PICKLIST: Tenure: bad value for restricted picklist field: #N/A [Tenure__c]
A729: a1G4J0000025yyOUAQ | B729: VAC-MW | C729: VAC-MW | D729: Failed | E729: a1G4J0000025yyOUAQ | G729: INVALID_OR_NULL_FOR_RESTRICTED_PICKLIST: Tenure: bad value for restricted picklist field: VAC-MW [Tenure__c]
A730: a1G4J0000025yySUAQ | B730: #N/A | C730: #N/A | D730: Failed | E730: a1G4J0000025yySUAQ | G730: INVALID_OR_NULL_FOR_RESTRICTED_PICKLIST: Tenure: bad value for restricted picklist field: #N/A [Tenure__c]
A731: a1G4J0000025yzVUAQ | B731: #N/A | C731: #N/A | D731: Failed | E731: a1G4J0000025yzVUAQ | G731: INVALID_OR_NULL_FOR_RESTRICTED_PICKLIST: Tenure: bad value for restricted picklist field: #N/A [Tenure__c]
A732: a1G4J0000025yzvUAA | B732: VAC-MW | C732: VAC-MW | D732: Failed | E732: a1G4J0000025yzvUAA | G732: INVALID_OR_NULL_FOR_RESTRICTED_PICKLIST: Tenure: bad value for restricted picklist field: VAC-MW [Tenure__c]
A733: a1G4J0000025z0DUAQ | B733: #N/A | C733: #N/A | D733: Failed | E733: a1G4J0000025z0DUAQ | G733: INVALID_OR_NULL_FOR_RESTRICTED_PICKLIST: Tenure: bad value for restricted picklist field: #N/A [Tenure__c]
A734: a1G4J0000025z0NUAQ | B734: #N/A | C734: #N/A | D734: Failed | E734: a1G4J0000025z0NUAQ | G734: INVALID_OR_NULL_FOR_RESTRICTED_PICKLIST: Tenure: bad value for restricted picklist field: #N/A [Tenure__c]
A735: a1G4J0000025z0SUAQ | B735: #N/A | C735: #N/A | D735: Failed | E735: a1G4J0000025z0SUAQ | G735: INVALID_OR_NULL_FOR_RESTRICTED_PICKLIST: Tenure: bad value for restricted picklist field: #N/A [Tenure__c]
A736: a1G4J0000025z0TUAQ | B736: #N/A | C736: #N/A | D736: Failed | E736: a1G4J0000025z0TUAQ | G736: INVALID_OR_NULL_FOR_RESTRICTED_PICKLIST: Tenure: bad value for restricted picklist field: #N/A [Tenure__c]
A737: a1G4J0000025z11UAA | B737: #N/A | C737: #N/A | D737: Failed | E737: a1G4J0000025z11UAA | G737: INVALID_OR_NULL_FOR_RESTRICTED_PICKLIST: Tenure: bad value for restricted picklist field: #N/A [Tenure__c]
A738: a1G4J0000025z1QUAQ | B738: #N/A | C738: #N/A | D738: Failed | E738: a1G4J0000025z1QUAQ | G738: INVALID_OR_NULL_FOR_RESTRICTED_PICKLIST: Tenure: bad value for restricted picklist field: #N/A [Tenure__c]
A739: a1G4J0000025z1VUAQ | B739: Vac-R | C739: Vac-R | D739: Failed | E739: a1G4J0000025z1VUAQ | G739: INVALID_OR_NULL_FOR_RESTRICTED_PICKLIST: Tenure: bad value for restricted picklist field: Vac-R [Tenure__c]
A740: a1G4J0000025z2iUAA | B740: #N/A | C740: #N/A | D740: Failed | E740: a1G4J0000025z2iUAA | G740: INVALID_OR_NULL_FOR_RESTRICTED_PICKLIST: Tenure: bad value for restricted picklist field: #N/A [Tenure__c]
A741: a1G4J0000025z2qUAA | B741: #N/A | C741: #N/A | D741: Failed | E741: a1G4J0000025z2qUAA | G741: INVALID_OR_NULL_FOR_RESTRICTED_PICKLIST: Tenure: bad value for restricted picklist field: #N/A [Tenure__c]
A742: a1G4J0000025z3IUAQ | B742: #N/A | C742: #N/A | D742: Failed | E742: a1G4J0000025z3IUAQ | G742: INVALID_OR_NULL_FOR_RESTRICTED_PICKLIST: Tenure: bad value for restricted picklist field: #N/A [Tenure__c]
A743: a1G4J0000025z3VUAQ | B743: #N/A | C743: #N/A | D743: Failed | E743: a1G4J0000025z3VUAQ | G743: INVALID_OR_NULL_FOR_RESTRICTED_PICKLIST: Tenure: bad value for restricted picklist field: #N/A [Tenure__c]
A744: a1G4J0000025z3vUAA | B744: #N/A | C744: #N/A | D744: Failed | E744: a1G4J0000025z3vUAA | G744: INVALID_OR_NULL_FOR_RESTRICTED_PICKLIST: Tenure: bad value for restricted picklist field: #N/A [Tenure__c]
A745: a1G4J0000025z4ZUAQ | B745: #N/A | C745: #N/A | D745: Failed | E745: a1G4J0000025z4ZUAQ | G745: INVALID_OR_NULL_FOR_RESTRICTED_PICKLIST: Tenure: bad value for restricted picklist field: #N/A [Tenure__c]
A746: a1G4J0000025z4aUAA | B746: #N/A | C746: #N/A | D746: Failed | E746: a1G4J0000025z4aUAA | G746: INVALID_OR_NULL_FOR_RESTRICTED_PICKLIST: Tenure: bad value for restricted picklist field: #N/A [Tenure__c]
...
