Workbook

Sheet v1 
A1: Phase | B1: Hours | C1: Lower Bound | D1: Upper Bound | E1: £/hour | H1: # Sprints | I1: Lower Bound | J1: Upper Bound | K1: £/sprint
A2: Analysis | B2: 40 - 60 | C2: =B9*$E2 -> 6000 | D2: =C9*$E2 -> 9000 | E2: 150 | H2: 1 -2 | I2: =H9*$K2 -> 23400 | J2: =I9*$K2 -> 46800 | K2: 23400 | L2: 2 x FTE @ GBP780/day
A3: Build
A4: Project Management
A5: UAT
A6: Production
A7: Total | B7: =ROUND(B15,0)&" - "&ROUND(C15,0) -> #VALUE! | C7: =SUM(C2:C6) -> 6000 | D7: =SUM(D2:D6) -> 9000
B9: =LEFT(B2,FIND("-",B2)-1)*1 -> 40 | C9: =MID(B2,FIND("-",B2)+1,LEN(B2)-FIND("-",B2)+1)*1 -> 60 | H9: =LEFT(H2,FIND("-",H2)-1)*1 -> 1 | I9: =MID(H2,FIND("-",H2)+1,LEN(H2)-FIND("-",H2)+1)*1 -> 2
B10: =LEFT(B3,FIND("-",B3)-1)*1 -> #VALUE! | C10: =MID(B3,FIND("-",B3)+1,LEN(B3)-FIND("-",B3)+1)*1 -> #VALUE! | H10: =LEFT(H3,FIND("-",H3)-1)*1 -> #VALUE! | I10: =MID(H3,FIND("-",H3)+1,LEN(H3)-FIND("-",H3)+1)*1 -> #VALUE!
B11: =LEFT(B4,FIND("-",B4)-1)*1 -> #VALUE! | C11: =MID(B4,FIND("-",B4)+1,LEN(B4)-FIND("-",B4)+1)*1 -> #VALUE! | H11: =LEFT(H4,FIND("-",H4)-1)*1 -> #VALUE! | I11: =MID(H4,FIND("-",H4)+1,LEN(H4)-FIND("-",H4)+1)*1 -> #VALUE!
B12: =LEFT(B5,FIND("-",B5)-1)*1 -> #VALUE! | C12: =MID(B5,FIND("-",B5)+1,LEN(B5)-FIND("-",B5)+1)*1 -> #VALUE! | H12: =LEFT(H5,FIND("-",H5)-1)*1 -> #VALUE! | I12: =MID(H5,FIND("-",H5)+1,LEN(H5)-FIND("-",H5)+1)*1 -> #VALUE!
B13: =LEFT(B6,FIND("-",B6)-1)*1 -> #VALUE! | C13: =MID(B6,FIND("-",B6)+1,LEN(B6)-FIND("-",B6)+1)*1 -> #VALUE! | H13: =LEFT(H6,FIND("-",H6)-1)*1 -> #VALUE! | I13: =MID(H6,FIND("-",H6)+1,LEN(H6)-FIND("-",H6)+1)*1 -> #VALUE!
B15: =SUM(B9:B13) -> #VALUE! | C15: =SUM(C9:C13) -> #VALUE! | H15: =SUM(H9:H13) -> #VALUE! | I15: =SUM(I9:I13) -> #VALUE!
H23: =35100/3 -> 11700 | K23: =160*2*0.75 -> 240
H24: =H23/5 -> 2340
H25: =H24/3 -> 780
E31: =23400/3 -> 7800
E32: =E31/5 -> 1560
E33: =E32/2 -> 780

Sheet v1
A1: Project Phases | B1: Duration | C1: Lower Bound | D1: Upper Bound
A2: Sprint 0 | B2: 2-3 weeks | C2: ='v1 '!C2 -> 6000 | D2: ='v1 '!D2 -> 9000
A3: Sprint 1 - 2 | B3: 3-6 weeks | C3: ='v1 '!I2 -> 23400 | D3: ='v1 '!J2 -> 46800
A4: UAT | B4: 2 weeks | C4: 3600 | D4: 3600
A5: Production Deployment & Post Go-Live Support | B5: 2 weeks | C5: 3600 | D5: 3600
A6: User guide creation | B6: Done in parallel with sprints | C6: 3150 | D6: 3150
A8: Total | B8: 9 -13 weeks | C8: =SUM(C2:C6) -> 39750 | D8: =SUM(D2:D6) -> 66150

Sheet 2024-10-29
A1: Project Phases | B1: Duration | C1: Estimate | E1: Upper Bound
A2: Sprint 0 | B2: 2-3 weeks | C2: ='v1 '!C2 -> 6000 | E2: ='v1 '!D2 -> 9000
A3: 2 sprints | B3: 6 weeks | C3: =23400*2 -> 46800 | E3: =23400*2 -> 46800
A4: UAT | B4: 2 weeks | C4: 3600 | E4: 3600
A5: Production Deployment & Post Go-Live Support | B5: 2 weeks | C5: 3600 | E5: 3600
A6: User guide creation | B6: Done in parallel with sprints | C6: 3150 | E6: 3150
A8: Total | B8: 12 -13 weeks | C8: =SUM(C2:C6) -> 63150 | E8: =SUM(E2:E6) -> 66150
