Workbook

Sheet PROD
A1: _ | B1: Id | C1: UserOrGroupId | D1: UserOrGroup | E1: UserOrGroup.Name | F1: Group | G1: Group.Name
A2: [GroupMember] | B2: 011Nz000003DNSkIAO | C2: 0058d0000034KXaAAM | D2: [User] | E2: Mohammed Khan | F2: [Group] | G2: Abbeville Apartments | H2: =G2&"_"&E2 -> Abbeville Apartments_Mohammed Khan | I2: =VLOOKUP(H2,UAT!$H$2:$H$204,1,FALSE) -> Abbeville Apartments_Mohammed Khan
A3: [GroupMember] | B3: 011Nz000004Trl7IAC | C3: 0054J000004vXOnQAM | D3: [User] | E3: Jemma Herring | F3: [Group] | G3: Abbeville Apartments | H3: =G3&"_"&E3 -> Abbeville Apartments_Jemma Herring | I3: =VLOOKUP(H3,UAT!$H$2:$H$204,1,FALSE) -> Abbeville Apartments_Jemma Herring
A4: [GroupMember] | B4: 011Nz000004Trl8IAC | C4: 0054J000005JMoIQAW | D4: [User] | E4: Fatma Azakli | F4: [Group] | G4: Abbeville Apartments | H4: =G4&"_"&E4 -> Abbeville Apartments_Fatma Azakli | I4: =VLOOKUP(H4,UAT!$H$2:$H$204,1,FALSE) -> Abbeville Apartments_Fatma Azakli
A5: [GroupMember] | B5: 011Nz000003DNSxIAO | C5: 0058d000005RclOAAS | D5: [User] | E5: Harriet Shaw | F5: [Group] | G5: AM: BTR-London | H5: =G5&"_"&E5 -> AM: BTR-London_Harriet Shaw | I5: =VLOOKUP(H5,UAT!$H$2:$H$204,1,FALSE) -> AM: BTR-London_Harriet Shaw
A6: [GroupMember] | B6: 011Nz000003DNRwIAO | C6: 0054J000004vm8YQAQ | D6: [User] | E6: Vicki Turnbull | F6: [Group] | G6: AM: BTR-Regions | H6: =G6&"_"&E6 -> AM: BTR-Regions_Vicki Turnbull | I6: =VLOOKUP(H6,UAT!$H$2:$H$204,1,FALSE) -> AM: BTR-Regions_Vicki Turnbull
A7: [GroupMember] | B7: 011Nz000003DNS2IAO | C7: 0054J000004vm9KQAQ | D7: [User] | E7: Sarah Norstrom | F7: [Group] | G7: AM: New Launches | H7: =G7&"_"&E7 -> AM: New Launches_Sarah Norstrom | I7: =VLOOKUP(H7,UAT!$H$2:$H$204,1,FALSE) -> AM: New Launches_Sarah Norstrom
A8: [GroupMember] | B8: 011Nz000003DNSQIA4 | C8: 0058d000001yXepAAE | D8: [User] | E8: Daisy Stuckey | F8: [Group] | G8: AM: PRS-London | H8: =G8&"_"&E8 -> AM: PRS-London_Daisy Stuckey | I8: =VLOOKUP(H8,UAT!$H$2:$H$204,1,FALSE) -> AM: PRS-London_Daisy Stuckey
A9: [GroupMember] | B9: 011Nz000003DNSPIA4 | C9: 0058d000000muLYAAY | D9: [User] | E9: Alexa Byrne | F9: [Group] | G9: AM: PRS-London | H9: =G9&"_"&E9 -> AM: PRS-London_Alexa Byrne | I9: =VLOOKUP(H9,UAT!$H$2:$H$204,1,FALSE) -> AM: PRS-London_Alexa Byrne
A10: [GroupMember] | B10: 011Nz000003DNRxIAO | C10: 0054J000004vm8YQAQ | D10: [User] | E10: Vicki Turnbull | F10: [Group] | G10: AM: PRS-Regions | H10: =G10&"_"&E10 -> AM: PRS-Regions_Vicki Turnbull | I10: =VLOOKUP(H10,UAT!$H$2:$H$204,1,FALSE) -> AM: PRS-Regions_Vicki Turnbull
A11: [GroupMember] | B11: 011Nz000003EdnzIAC | C11: 0058d000005ToH7AAK | D11: [User] | E11: Suna Uyar | F11: [Group] | G11: Apex Gardens Team | H11: =G11&"_"&E11 -> Apex Gardens Team_Suna Uyar | I11: =VLOOKUP(H11,UAT!$H$2:$H$204,1,FALSE) -> Apex Gardens Team_Suna Uyar
A12: [GroupMember] | B12: 011Nz000003DNSWIA4 | C12: 0058d0000021IvSAAU | D12: [User] | E12: Nicole Freeman | F12: [Group] | G12: Apex Gardens Team | H12: =G12&"_"&E12 -> Apex Gardens Team_Nicole Freeman | I12: =VLOOKUP(H12,UAT!$H$2:$H$204,1,FALSE) -> Apex Gardens Team_Nicole Freeman
A13: [GroupMember] | B13: 011Nz000003DXRAIA4 | C13: 005Nz000000PrlvIAC | D13: [User] | E13: Tina Bedeau | F13: [Group] | G13: Apex Gardens Team | H13: =G13&"_"&E13 -> Apex Gardens Team_Tina Bedeau | I13: =VLOOKUP(H13,UAT!$H$2:$H$204,1,FALSE) -> Apex Gardens Team_Tina Bedeau
... A212: [GroupMember] | B212: 011Nz000003DNSlIAO | C212: 0058d0000034KXpAAM | D212: [User] | E212: Jordan Greaves | F212: [Group] | G212: Windlass Apartments Team | H212: =G212&"_"&E212 -> Windlass Apartments Team_Jordan Greaves | I212: =VLOOKUP(H212,UAT!$H$2:$H$204,1,FALSE) -> Windlass Apartments Team_Jordan Greaves

Sheet UAT
A1: _ | B1: Id | C1: UserOrGroupId | D1: UserOrGroup | E1: UserOrGroup.Name | F1: Group | G1: Group.Name
A2: [GroupMember] | B2: 011Nz000003DNSkIAO | C2: 0058d0000034KXaAAM | D2: [User] | E2: Mohammed Khan | F2: [Group] | G2: Abbeville Apartments | H2: =G2&"_"&E2 -> Abbeville Apartments_Mohammed Khan | I2: =VLOOKUP(H2,PROD!$H$2:$H$212,1,FALSE) -> Abbeville Apartments_Mohammed Khan
A3: [GroupMember] | B3: 011Nz000004Trl7IAC | C3: 0054J000004vXOnQAM | D3: [User] | E3: Jemma Herring | F3: [Group] | G3: Abbeville Apartments | H3: =G3&"_"&E3 -> Abbeville Apartments_Jemma Herring | I3: =VLOOKUP(H3,PROD!$H$2:$H$212,1,FALSE) -> Abbeville Apartments_Jemma Herring
A4: [GroupMember] | B4: 011Nz000004Trl8IAC | C4: 0054J000005JMoIQAW | D4: [User] | E4: Fatma Azakli | F4: [Group] | G4: Abbeville Apartments | H4: =G4&"_"&E4 -> Abbeville Apartments_Fatma Azakli | I4: =VLOOKUP(H4,PROD!$H$2:$H$212,1,FALSE) -> Abbeville Apartments_Fatma Azakli
A5: [GroupMember] | B5: 011Nz000003DNSxIAO | C5: 0058d000005RclOAAS | D5: [User] | E5: Harriet Shaw | F5: [Group] | G5: AM: BTR-London | H5: =G5&"_"&E5 -> AM: BTR-London_Harriet Shaw | I5: =VLOOKUP(H5,PROD!$H$2:$H$212,1,FALSE) -> AM: BTR-London_Harriet Shaw
A6: [GroupMember] | B6: 011Nz000003DNRwIAO | C6: 0054J000004vm8YQAQ | D6: [User] | E6: Vicki Turnbull | F6: [Group] | G6: AM: BTR-Regions | H6: =G6&"_"&E6 -> AM: BTR-Regions_Vicki Turnbull | I6: =VLOOKUP(H6,PROD!$H$2:$H$212,1,FALSE) -> AM: BTR-Regions_Vicki Turnbull
A7: [GroupMember] | B7: 011Nz000003DNS2IAO | C7: 0054J000004vm9KQAQ | D7: [User] | E7: Sarah Norstrom | F7: [Group] | G7: AM: New Launches | H7: =G7&"_"&E7 -> AM: New Launches_Sarah Norstrom | I7: =VLOOKUP(H7,PROD!$H$2:$H$212,1,FALSE) -> AM: New Launches_Sarah Norstrom
A8: [GroupMember] | B8: 011Nz000003DNSPIA4 | C8: 0058d000000muLYAAY | D8: [User] | E8: Alexa Byrne | F8: [Group] | G8: AM: PRS-London | H8: =G8&"_"&E8 -> AM: PRS-London_Alexa Byrne | I8: =VLOOKUP(H8,PROD!$H$2:$H$212,1,FALSE) -> AM: PRS-London_Alexa Byrne
A9: [GroupMember] | B9: 011Nz000003DNSQIA4 | C9: 0058d000001yXepAAE | D9: [User] | E9: Daisy Stuckey | F9: [Group] | G9: AM: PRS-London | H9: =G9&"_"&E9 -> AM: PRS-London_Daisy Stuckey | I9: =VLOOKUP(H9,PROD!$H$2:$H$212,1,FALSE) -> AM: PRS-London_Daisy Stuckey
A10: [GroupMember] | B10: 011Nz000003DNRxIAO | C10: 0054J000004vm8YQAQ | D10: [User] | E10: Vicki Turnbull | F10: [Group] | G10: AM: PRS-Regions | H10: =G10&"_"&E10 -> AM: PRS-Regions_Vicki Turnbull | I10: =VLOOKUP(H10,PROD!$H$2:$H$212,1,FALSE) -> AM: PRS-Regions_Vicki Turnbull
A11: [GroupMember] | B11: 011Nz000003DXRAIA4 | C11: 005Nz000000PrlvIAC | D11: [User] | E11: Tina Bedeau | F11: [Group] | G11: Apex Gardens Team | H11: =G11&"_"&E11 -> Apex Gardens Team_Tina Bedeau | I11: =VLOOKUP(H11,PROD!$H$2:$H$212,1,FALSE) -> Apex Gardens Team_Tina Bedeau
A12: [GroupMember] | B12: 011Nz000003EdnzIAC | C12: 0058d000005ToH7AAK | D12: [User] | E12: Suna Uyar | F12: [Group] | G12: Apex Gardens Team | H12: =G12&"_"&E12 -> Apex Gardens Team_Suna Uyar | I12: =VLOOKUP(H12,PROD!$H$2:$H$212,1,FALSE) -> Apex Gardens Team_Suna Uyar
A13: [GroupMember] | B13: 011Nz000003DNSWIA4 | C13: 0058d0000021IvSAAU | D13: [User] | E13: Nicole Freeman | F13: [Group] | G13: Apex Gardens Team | H13: =G13&"_"&E13 -> Apex Gardens Team_Nicole Freeman | I13: =VLOOKUP(H13,PROD!$H$2:$H$212,1,FALSE) -> Apex Gardens Team_Nicole Freeman
... A204: [GroupMember] | B204: 011Nz000003DNSXIA4 | C204: 0058d0000021IvSAAU | D204: [User] | E204: Nicole Freeman | F204: [Group] | G204: Windlass Apartments Team | H204: =G204&"_"&E204 -> Windlass Apartments Team_Nicole Freeman | I204: =VLOOKUP(H204,PROD!$H$2:$H$212,1,FALSE) -> Windlass Apartments Team_Nicole Freeman
