Workbook

Sheet New - CSA, TPT, Renewal
A1: Team | B1: Name | C1: Email | D1: UserOrGroupId | E1: Group.Name
A2: TPT | B2: Clair Habgood | C2: chabgood@graingerplc.co.uk | D2: =VLOOKUP(Table1[[#This Row],[Email]],Sheet1!$B$2:$C$622,2,FALSE) -> 0054J000004vXPBQA2 | E2: Tenancy Progression Team
A3: TPT | B3: Corrina Gibson | C3: cgibson@graingerplc.co.uk | D3: =VLOOKUP(Table1[[#This Row],[Email]],Sheet1!$B$2:$C$622,2,FALSE) -> 0058d0000020feeAAA | E3: Tenancy Progression Team
A4: TPT | B4: Chiara Rosati | C4: crosati@graingerplc.co.uk | D4: =VLOOKUP(Table1[[#This Row],[Email]],Sheet1!$B$2:$C$622,2,FALSE) -> 0058d0000034SvqAAE | E4: Tenancy Progression Team
A5: TPT | B5: Jessica Howe | C5: jhowe@graingerplc.co.uk | D5: =VLOOKUP(Table1[[#This Row],[Email]],Sheet1!$B$2:$C$622,2,FALSE) -> 0054J000004vXOqQAM | E5: Tenancy Progression Team
A6: TPT | B6: Lewis Morton | C6: lmorton@graingerplc.co.uk | D6: =VLOOKUP(Table1[[#This Row],[Email]],Sheet1!$B$2:$C$622,2,FALSE) -> 0054J000005JWtDQAW | E6: Tenancy Progression Team
A7: TPT | B7: Deborah Caslaw | C7: dcaslaw@graingerplc.co.uk | D7: =VLOOKUP(Table1[[#This Row],[Email]],Sheet1!$B$2:$C$622,2,FALSE) -> 0054J000004vXP8QAM | E7: Tenancy Progression Team
A8: TPT | B8: Anita Masters | C8: amasters2@graingerplc.co.uk | D8: =VLOOKUP(Table1[[#This Row],[Email]],Sheet1!$B$2:$C$622,2,FALSE) -> 0054J000004vXPGQA2 | E8: Tenancy Progression Team
A9: CSA | B9: Elisabeta Mihalache | C9: emihalache@graingerplc.co.uk | D9: =VLOOKUP(Table1[[#This Row],[Email]],Sheet1!$B$2:$C$622,2,FALSE) -> 0054J000004wOMUQA2 | E9: Customer Service Advisors
A10: CSA | B10: Joksan Martinez | C10: Jmartinez@graingerplc.co.uk | D10: =VLOOKUP(Table1[[#This Row],[Email]],Sheet1!$B$2:$C$622,2,FALSE) -> 005Nz000003QxM8IAK | E10: Customer Service Advisors
A11: CSA | B11: Abbi Jones | C11: Ajones@graingerplc.co.uk | D11: =VLOOKUP(Table1[[#This Row],[Email]],Sheet1!$B$2:$C$622,2,FALSE) -> 005Nz000003r4F5IAI | E11: Customer Service Advisors
A12: CSA | B12: Catherine Allen | C12: Callen@graingerplc.co.uk | D12: =VLOOKUP(Table1[[#This Row],[Email]],Sheet1!$B$2:$C$622,2,FALSE) -> 005Nz000000e3jyIAA | E12: Customer Service Advisors
A13: CSA | B13: Jack Nicholson | C13: jnicholson@graingerplc.co.uk | D13: =VLOOKUP(Table1[[#This Row],[Email]],Sheet1!$B$2:$C$622,2,FALSE) -> 005Nz000004jeILIAY | E13: Customer Service Advisors
... A21: Renewal | B21: Honey Campbell | C21: hcampbell@graingerplc.co.uk | D21: =VLOOKUP(Table1[[#This Row],[Email]],Sheet1!$B$2:$C$622,2,FALSE) -> 0058d0000034i83AAA | E21: Renewal Team

Sheet Sheet1
A1: Name | B1: Email | C1: Id
A2: WebApp Integration User | B2: lhampson@and.digital | C2: 0054J0000012JWQQA2
A3: GREP Integration User | B3: abeaton@graingerplc.co.uk | C3: 0054J0000012JwyQAE
A4: Van Mildert Integration User | B4: garhing.cheung@cloudshiftgroup.com | C4: 0054J0000012JxDQAU
A5: GREP Data Platform User | B5: cpreston@graingerplc.co.uk | C5: 0054J0000012KE9QAM
A6: Laura Hampson | B6: lhampson@and.digital | C6: 0054J0000012Kp0QAE
A7: Murali Subbu Krishnaraj | B7: m.subbukrishnaraj@reply.eu | C7: 0054J0000012dwoQAA
A8: Automated Process | B8: wharley@00d4j0000002dyjuae | C8: 0054J00000297NQQAY
A9: Chatter Expert | B9: noreply@chatter.salesforce.com | C9: 0054J00000297NWQAY
A10: Scott Knight | B10: sknight@graingerplc.co.uk | C10: 0054J000002G8OUQA0
A11: System | B11: automatedcase@00d4j0000002dyjuae | C11: 0054J000002G8OjQAK
A12: Platform Integration User | B12: noreply@salesforce.com | C12: 0054J000002G8fZQAS
... A622: Christopher Cordero | B622: ccordero@graingerplc.co.uk | C622: 005Nz000005qcuMIAQ

Sheet Lettings
A1: Team | B1: Name | C1: Email | D1: UserOrGroupId | E1: Group.Name
A2: Lettings Midlands | B2: Abigail Unger | C2: aunger@graingerplc.co.uk | D2: =VLOOKUP(Table2[[#This Row],[Email]],Sheet1!$B$2:$C$622,2,FALSE) -> 005Nz000002mlzaIAA | E2: Lettings Midlands
B3: Faith Dowdy | C3: fdowdy@graingerplc.co.uk | D3: =VLOOKUP(Table2[[#This Row],[Email]],Sheet1!$B$2:$C$622,2,FALSE) -> 005Nz000000B1bwIAC | E3: Lettings Midlands
B4: Laxmi Mistry | C4: lmistry@graingerplc.co.uk | D4: =VLOOKUP(Table2[[#This Row],[Email]],Sheet1!$B$2:$C$622,2,FALSE) -> 0058d000006chw3AAA | E4: Lettings Midlands
B5: Saleena Zubair | C5: szubair@graingerplc.co.uk | D5: =VLOOKUP(Table2[[#This Row],[Email]],Sheet1!$B$2:$C$622,2,FALSE) -> 005Nz000003Ka0oIAC | E5: Lettings Midlands
A6: Lettings North East | B6: Deanne Coss | C6: dcoss@graingerplc.co.uk | D6: =VLOOKUP(Table2[[#This Row],[Email]],Sheet1!$B$2:$C$622,2,FALSE) -> 0058d00000202rVAAQ
B7: Jack Howe | C7: JBHowe@graingerplc.co.uk | D7: =VLOOKUP(Table2[[#This Row],[Email]],Sheet1!$B$2:$C$622,2,FALSE) -> 0054J000006BkQgQAK
B8: Naseem Ahmadi | C8: nahmadi@graingerplc.co.uk | D8: =VLOOKUP(Table2[[#This Row],[Email]],Sheet1!$B$2:$C$622,2,FALSE) -> 0058d000006cI6JAAU
A9: Lettings North West | B9: Fiona Craske | C9: fcraske@graingerplc.co.uk | D9: =VLOOKUP(Table2[[#This Row],[Email]],Sheet1!$B$2:$C$622,2,FALSE) -> 0058d0000043ssPAAQ
B10: Lucy Joyce | C10: ljoyce@graingerplc.co.uk | D10: =VLOOKUP(Table2[[#This Row],[Email]],Sheet1!$B$2:$C$622,2,FALSE) -> 005Nz000004QTorIAG
B11: Molli Smyth | C11: msmyth@graingerplc.co.uk | D11: =VLOOKUP(Table2[[#This Row],[Email]],Sheet1!$B$2:$C$622,2,FALSE) -> 0058d000006aqUrAAI
B12: Jack Wellings | C12: JWellings@graingerplc.co.uk | D12: =VLOOKUP(Table2[[#This Row],[Email]],Sheet1!$B$2:$C$622,2,FALSE) -> 0054J000004wSINQA2
A13: Lettings South | B13: Geoffrey Eze | C13: geze@graingerplc.co.uk | D13: =VLOOKUP(Table2[[#This Row],[Email]],Sheet1!$B$2:$C$622,2,FALSE) -> 0058d0000034c7LAAQ | E13: Lettings South
B14: Jack Gardener | C14: jgardner@graingerplc.co.uk | D14: =VLOOKUP(Table2[[#This Row],[Email]],Sheet1!$B$2:$C$622,2,FALSE) -> 0054J000004wZgRQAU | E14: Lettings South
B15: Nathan Brown | C15: nbrown@graingerplc.co.uk | D15: =VLOOKUP(Table2[[#This Row],[Email]],Sheet1!$B$2:$C$622,2,FALSE) -> 005Nz000002KcrEIAS | E15: Lettings South
B16: Wesley Greaves | C16: wgreaves@graingerplc.co.uk | D16: =VLOOKUP(Table2[[#This Row],[Email]],Sheet1!$B$2:$C$622,2,FALSE) -> 0058d0000043sEOAAY | E16: Lettings South
B17: Andrew Agyara | C17: AAgyara@graingerplc.co.uk | D17: =VLOOKUP(Table2[[#This Row],[Email]],Sheet1!$B$2:$C$622,2,FALSE) -> 005Nz0000059SAIIA2 | E17: Lettings South
B18: Segun Dickson | C18: sdickson@graingerplc.co.uk | D18: =VLOOKUP(Table2[[#This Row],[Email]],Sheet1!$B$2:$C$622,2,FALSE) -> 0058d00000204EOAAY | E18: Lettings South
A19: Lettings South West | B19: Maisie Whittaker | C19: mwhittaker@graingerplc.co.uk | D19: =VLOOKUP(Table2[[#This Row],[Email]],Sheet1!$B$2:$C$622,2,FALSE) -> 005Nz000002oOEQIA2
B20: Colette Taylor | C20: ctaylor@graingerplc.co.uk | D20: =VLOOKUP(Table2[[#This Row],[Email]],Sheet1!$B$2:$C$622,2,FALSE) -> 0054J000004vXOWQA2
B21: Connor Manuel | C21: cmanuel@graingerplc.co.uk | D21: =VLOOKUP(Table2[[#This Row],[Email]],Sheet1!$B$2:$C$622,2,FALSE) -> 005Nz0000004fixIAA
A22: Lettings Wales | B22: Connor Manuel | C22: cmanuel@graingerplc.co.uk | D22: =VLOOKUP(Table2[[#This Row],[Email]],Sheet1!$B$2:$C$622,2,FALSE) -> 005Nz0000004fixIAA
B23: Colette Taylor | C23: ctaylor@graingerplc.co.uk | D23: =VLOOKUP(Table2[[#This Row],[Email]],Sheet1!$B$2:$C$622,2,FALSE) -> 0054J000004vXOWQA2
