Workbook

Sheet Predecessor Report Sam & Anjali
B2: Predecessor Report Sam & Anjali
B3: As of 2023-11-02 09:52:05 Greenwich Mean Time/GMT • Generated by Open box
B6: Filtered By
B7: Show: All end of tenancy tasks
B8: End Of Tenancy: End Of Tenancy Number equals EoT-00066
B10: End Of Tenancy Phase: Sequence ↑ | C10: End Of Tenancy Phase: End Of Tenancy Phase Name ↑ | D10: End Of Tenancy Task Name ↑ | F10: Start Date | G10: Start Date Type | H10: Actual End Date | I10: Target End Date | J10: Predecessor: End Of Tenancy Task Name | K10: Predecessor: Actual End Date | L10: Predecessor: Target End Date
B11: 1 | C11: Receive Notice | D11: Confirm Notice | F11: 24/10/2023 | G11: End of Tenancy Start Date | H11: 24/10/2023 | I11: 25/10/2023
D12: Validate Notice | F12: 24/10/2023 | G12: End of Tenancy Start Date | H12: 24/10/2023 | I12: 25/10/2023
B13: 2 | C13: Notify Stakeholders | D13: Amend Direct Debit | F13: 24/10/2023 | G13: Predecessor Task | H13: 24/10/2023 | I13: 26/10/2023 | J13: Confirm Notice | K13: 24/10/2023 | L13: 25/10/2023
D14: Check Compliance | F14: 24/10/2023 | G14: Predecessor Task | H14: 24/10/2023 | I14: 31/10/2023 | J14: Confirm Notice | K14: 24/10/2023 | L14: 25/10/2023
D15: Notify Stakeholders | F15: 24/10/2023 | G15: Predecessor Task | H15: 24/10/2023 | I15: 25/10/2023 | J15: Confirm Notice | K15: 24/10/2023 | L15: 25/10/2023
D16: Set Rent | F16: 24/10/2023 | G16: Predecessor Task | H16: 24/10/2023 | I16: 27/10/2023 | J16: Confirm Notice | K16: 24/10/2023 | L16: 25/10/2023
B17: 3 | C17: PVI | D17: PVI | F17: 05/11/2023 | G17: PVI Date | H17: 24/10/2023 | I17: 06/11/2023
B18: 4 | C18: Book Works | D18: Approve Capex | G18: Predecessor Task | J18: PVI | K18: 24/10/2023 | L18: 06/11/2023
D19: Book Works | F19: 24/10/2023 | G19: Predecessor Task | I19: 28/10/2023 | J19: PVI | K19: 24/10/2023 | L19: 06/11/2023
B20: 5 | C20: Move Out | D20: Cancel Direct Debit | F20: 02/01/2024 | G20: Predecessor Task | I20: 04/01/2024 | J20: Check Out | L20: 02/01/2024
D21: Check Out | F21: 01/01/2024 | G21: Future Vacant Date | I21: 02/01/2024
D22: Check Unit Condition | F22: 01/01/2024 | G22: Future Vacant Date | I22: 04/01/2024
B23: 6 | C23: Refurb/Refresh | D23: Clean Unit | F23: 04/01/2024 | G23: Predecessor Task | I23: 05/01/2024 | J23: Check Unit Condition | L23: 04/01/2024
D24: Finalize Check Out | F24: 04/01/2024 | G24: Predecessor Task | I24: 08/01/2024 | J24: Check Unit Condition | L24: 04/01/2024
D25: Refresh | G25: Predecessor Task | J25: Check Unit Condition | L25: 04/01/2024
D26: Refurb | G26: Predecessor Task | J26: Check Unit Condition | L26: 04/01/2024
D27: Review Check Out Report | F27: 04/01/2024 | G27: Predecessor Task | I27: 07/01/2024 | J27: Check Unit Condition | L27: 04/01/2024
B28: 7 | C28: Close Tenancy | D28: Close Down Tenancy | F28: 08/01/2024 | G28: Predecessor Task | I28: 13/01/2024 | J28: Refurb
F29: 08/01/2024 | G29: Predecessor Task | I29: 13/01/2024 | J29: Refresh
F30: 08/01/2024 | G30: Predecessor Task | I30: 13/01/2024 | J30: Clean Unit | L30: 05/01/2024
F31: 08/01/2024 | G31: Predecessor Task | I31: 13/01/2024 | J31: Finalize Check Out | L31: 08/01/2024
F32: 08/01/2024 | G32: Predecessor Task | I32: 13/01/2024 | J32: Cancel Direct Debit | L32: 04/01/2024
D33: Deposit Release | F33: 08/01/2024 | G33: Predecessor Task | I33: 11/01/2024 | J33: Finalize Check Out | L33: 08/01/2024
B36: Confidential Information - Do Not Distribute
B37: Copyright © 2000-2023 salesforce.com, inc. All rights reserved.

Sheet Test Sheet
A1: EoT Start Date | B1: 45232
A2: Future Vacant Date | B2: 45285
A3: PVI Date | B3: 45275
A5: Task Name | C5: Start Date Type | D5: Expected Start Date | E5: Actual | F5: Expected Target End Date | G5: Actual Target End Date | I5: Start Date Correct? | J5: End Date Correct?
A6: Confirm Notice | C6: End of Tenancy Start Date | D6: =B1 -> 45232 | E6: ='Predecessor Report Sam & Anjali'!F11 -> 24/10/2023 | F6: =D6+1 -> 45233 | G6: ='Predecessor Report Sam & Anjali'!I11 -> 25/10/2023 | I6: =E6=D6 -> FALSE | J6: =G6=F6 -> FALSE
A7: Validate Notice | C7: End of Tenancy Start Date | D7: =B1 -> 45232 | E7: ='Predecessor Report Sam & Anjali'!F12 -> 24/10/2023 | G7: ='Predecessor Report Sam & Anjali'!I12 -> 25/10/2023 | I7: =E7=D7 -> FALSE | J7: =G7=F7 -> FALSE
A8: Amend Direct Debit | C8: Predecessor Task | D8: =F6 -> 45233 | E8: ='Predecessor Report Sam & Anjali'!F13 -> 24/10/2023 | F8: =D8+1 -> 45234 | G8: ='Predecessor Report Sam & Anjali'!I13 -> 26/10/2023 | I8: =E8=D8 -> FALSE | J8: =G8=F8 -> FALSE
A9: Check Compliance | C9: Predecessor Task | E9: ='Predecessor Report Sam & Anjali'!F14 -> 24/10/2023 | G9: ='Predecessor Report Sam & Anjali'!I14 -> 31/10/2023 | I9: =E9=D9 -> FALSE | J9: =G9=F9 -> FALSE
A10: Notify Stakeholders | C10: Predecessor Task | E10: ='Predecessor Report Sam & Anjali'!F15 -> 24/10/2023 | G10: ='Predecessor Report Sam & Anjali'!I15 -> 25/10/2023 | I10: =E10=D10 -> FALSE | J10: =G10=F10 -> FALSE
A11: Set Rent | C11: Predecessor Task | E11: ='Predecessor Report Sam & Anjali'!F16 -> 24/10/2023 | G11: ='Predecessor Report Sam & Anjali'!I16 -> 27/10/2023 | I11: =E11=D11 -> FALSE | J11: =G11=F11 -> FALSE
A12: PVI | C12: PVI Date | E12: ='Predecessor Report Sam & Anjali'!F17 -> 05/11/2023 | G12: ='Predecessor Report Sam & Anjali'!I17 -> 06/11/2023 | I12: =E12=D12 -> FALSE | J12: =G12=F12 -> FALSE
A13: Approve Capex | C13: Predecessor Task | E13: ='Predecessor Report Sam & Anjali'!F18 -> 0 | G13: ='Predecessor Report Sam & Anjali'!I18 -> 0 | I13: =E13=D13 -> TRUE | J13: =G13=F13 -> TRUE
A14: Book Works | C14: Predecessor Task | E14: ='Predecessor Report Sam & Anjali'!F19 -> 24/10/2023 | G14: ='Predecessor Report Sam & Anjali'!I19 -> 28/10/2023 | I14: =E14=D14 -> FALSE | J14: =G14=F14 -> FALSE
A15: Cancel Direct Debit | C15: Predecessor Task | E15: ='Predecessor Report Sam & Anjali'!F20 -> 02/01/2024 | G15: ='Predecessor Report Sam & Anjali'!I20 -> 04/01/2024 | I15: =E15=D15 -> FALSE | J15: =G15=F15 -> FALSE
A16: Check Out | C16: Future Vacant Date | E16: ='Predecessor Report Sam & Anjali'!F21 -> 01/01/2024 | G16: ='Predecessor Report Sam & Anjali'!I21 -> 02/01/2024 | I16: =E16=D16 -> FALSE | J16: =G16=F16 -> FALSE
A17: Check Unit Condition | C17: Future Vacant Date | E17: ='Predecessor Report Sam & Anjali'!F22 -> 01/01/2024 | G17: ='Predecessor Report Sam & Anjali'!I22 -> 04/01/2024 | I17: =E17=D17 -> FALSE | J17: =G17=F17 -> FALSE
A18: Clean Unit | C18: Predecessor Task | E18: ='Predecessor Report Sam & Anjali'!F23 -> 04/01/2024 | G18: ='Predecessor Report Sam & Anjali'!I23 -> 05/01/2024 | I18: =E18=D18 -> FALSE | J18: =G18=F18 -> FALSE
A19: Finalize Check Out | C19: Predecessor Task | E19: ='Predecessor Report Sam & Anjali'!F24 -> 04/01/2024 | G19: ='Predecessor Report Sam & Anjali'!I24 -> 08/01/2024 | I19: =E19=D19 -> FALSE | J19: =G19=F19 -> FALSE
A20: Refresh | C20: Predecessor Task | E20: ='Predecessor Report Sam & Anjali'!F25 -> 0 | G20: ='Predecessor Report Sam & Anjali'!I25 -> 0 | I20: =E20=D20 -> TRUE | J20: =G20=F20 -> TRUE
... A23: Close Down Tenancy | C23: Predecessor Task | E23: ='Predecessor Report Sam & Anjali'!F28 -> 08/01/2024 | G23: ='Predecessor Report Sam & Anjali'!I28 -> 13/01/2024 | I23: =E23=D23 -> FALSE | J23: =G23=F23 -> FALSE
C24: Predecessor Task | E24: ='Predecessor Report Sam & Anjali'!F29 -> 08/01/2024 | G24: ='Predecessor Report Sam & Anjali'!I29 -> 13/01/2024 | I24: =E24=D24 -> FALSE | J24: =G24=F24 -> FALSE
C25: Predecessor Task | E25: ='Predecessor Report Sam & Anjali'!F30 -> 08/01/2024 | G25: ='Predecessor Report Sam & Anjali'!I30 -> 13/01/2024 | I25: =E25=D25 -> FALSE | J25: =G25=F25 -> FALSE
C26: Predecessor Task | E26: ='Predecessor Report Sam & Anjali'!F31 -> 08/01/2024 | G26: ='Predecessor Report Sam & Anjali'!I31 -> 13/01/2024 | I26: =E26=D26 -> FALSE | J26: =G26=F26 -> FALSE
C27: Predecessor Task | E27: ='Predecessor Report Sam & Anjali'!F32 -> 08/01/2024 | G27: ='Predecessor Report Sam & Anjali'!I32 -> 13/01/2024 | I27: =E27=D27 -> FALSE | J27: =G27=F27 -> FALSE
A28: Deposit Release | C28: Predecessor Task | E28: ='Predecessor Report Sam & Anjali'!F33 -> 08/01/2024 | G28: ='Predecessor Report Sam & Anjali'!I33 -> 11/01/2024 | I28: =E28=D28 -> FALSE | J28: =G28=F28 -> FALSE
