Workbook

Sheet v1 
A1: Phase | B1: Hours | C1: Lower Bound | D1: Upper Bound | E1: £/hour | H1: # Sprints | I1: Lower Bound | J1: Upper Bound | K1: £/sprint
A2: Analysis | B2: 140 - 160 | C2: =B9*$E2 -> 21000 | D2: =C9*$E2 -> 24000 | E2: 150 | H2: 3 - 4 | I2: =H9*$K2 -> 105300 | J2: =I9*$K2 -> 140400 | K2: 35100
A3: Build | B3: 200 - 260 | C3: =B10*120 -> 24000 | D3: =C10*120 -> 31200
A4: Project Management | B4: 12 - 15.6 | C4: =B11*120 -> 1440 | D4: =C11*120 -> 1872
A5: UAT | B5: 40 - 52 | C5: =B12*120 -> 4800 | D5: =C12*120 -> 6240
A6: Production | B6: 5 - 6.5 | C6: =B13*120 -> 600 | D6: =C13*120 -> 780
A7: Total | B7: =ROUND(B15,0)&" - "&ROUND(C15,0) -> 397 - 494 | C7: =SUM(C2:C6) -> 51840 | D7: =SUM(D2:D6) -> 64092
B9: =LEFT(B2,FIND("-",B2)-1)*1 -> 140 | C9: =MID(B2,FIND("-",B2)+1,LEN(B2)-FIND("-",B2)+1)*1 -> 160 | H9: =LEFT(H2,FIND("-",H2)-1)*1 -> 3 | I9: =MID(H2,FIND("-",H2)+1,LEN(H2)-FIND("-",H2)+1)*1 -> 4
B10: =LEFT(B3,FIND("-",B3)-1)*1 -> 200 | C10: =MID(B3,FIND("-",B3)+1,LEN(B3)-FIND("-",B3)+1)*1 -> 260 | H10: =LEFT(H3,FIND("-",H3)-1)*1 -> #VALUE! | I10: =MID(H3,FIND("-",H3)+1,LEN(H3)-FIND("-",H3)+1)*1 -> #VALUE!
B11: =LEFT(B4,FIND("-",B4)-1)*1 -> 12 | C11: =MID(B4,FIND("-",B4)+1,LEN(B4)-FIND("-",B4)+1)*1 -> 15.6 | H11: =LEFT(H4,FIND("-",H4)-1)*1 -> #VALUE! | I11: =MID(H4,FIND("-",H4)+1,LEN(H4)-FIND("-",H4)+1)*1 -> #VALUE!
B12: =LEFT(B5,FIND("-",B5)-1)*1 -> 40 | C12: =MID(B5,FIND("-",B5)+1,LEN(B5)-FIND("-",B5)+1)*1 -> 52 | H12: =LEFT(H5,FIND("-",H5)-1)*1 -> #VALUE! | I12: =MID(H5,FIND("-",H5)+1,LEN(H5)-FIND("-",H5)+1)*1 -> #VALUE!
B13: =LEFT(B6,FIND("-",B6)-1)*1 -> 5 | C13: =MID(B6,FIND("-",B6)+1,LEN(B6)-FIND("-",B6)+1)*1 -> 6.5 | H13: =LEFT(H6,FIND("-",H6)-1)*1 -> #VALUE! | I13: =MID(H6,FIND("-",H6)+1,LEN(H6)-FIND("-",H6)+1)*1 -> #VALUE!
B15: =SUM(B9:B13) -> 397 | C15: =SUM(C9:C13) -> 494.1 | H15: =SUM(H9:H13) -> #VALUE! | I15: =SUM(I9:I13) -> #VALUE!
H23: =35100/3 -> 11700 | K23: =160*2*0.75 -> 240
H24: =H23/5 -> 2340
H25: =H24/3 -> 780

Sheet v1
A1: Project Phases | B1: Duration | C1: Lower Bound | D1: Upper Bound
A2: Sprint 0 | B2: 6 weeks | C2: ='v1 '!C2 -> 21000 | D2: ='v1 '!D2 -> 24000
A3: Sprint 1 - 4 | B3: 9-12 weeks | C3: ='v1 '!K2*3 -> 105300 | D3: ='v1 '!K2*4 -> 140400
A4: UAT | B4: 2 weeks | C4: 3600 | D4: 3600
A5: Production Deployment & Post Go-Live Support | B5: 2 weeks | C5: 3600 | D5: 3600
A7: Sub Total | C7: =SUM(C2:C5) -> 133500 | D7: =SUM(D2:D5) -> 171600
A9: Data Migration | C9: =40*120 -> 4800 | D9: =160*120 -> 19200
A11: Total | B11: 19-22 weeks | C11: =C7+C9 -> 138300 | D11: =D7+D9 -> 190800

Sheet v2
A1: Phase | B1: Hours | C1: Lower Bound | D1: Upper Bound | E1: £/hour | H1: # Sprints | I1: Lower Bound | J1: Upper Bound | K1: £/sprint
A2: Analysis | B2: 100 - 120 | C2: =B9*$E2 -> 15000 | D2: =C9*$E2 -> 18000 | E2: 150 | H2: 3 - 4 | I2: =H9*$K2 -> 56700 | J2: =I9*$K2 -> 75600 | K2: 18900
A3: Build | B3: 140 - 182 | C3: =B10*120 -> 16800 | D3: =C10*120 -> 21840
A4: Project Management | B4: 12 - 15.6 | C4: =B11*120 -> 1440 | D4: =C11*120 -> 1872
A5: UAT | B5: 40 - 52 | C5: =B12*120 -> 4800 | D5: =C12*120 -> 6240
A6: Production | B6: 5 - 6.5 | C6: =B13*120 -> 600 | D6: =C13*120 -> 780
A7: Total | B7: =ROUND(B15,0)&" - "&ROUND(C15,0) -> 297 - 376 | C7: =SUM(C2:C6) -> 38640 | D7: =SUM(D2:D6) -> 48732
B9: =LEFT(B2,FIND("-",B2)-1)*1 -> 100 | C9: =MID(B2,FIND("-",B2)+1,LEN(B2)-FIND("-",B2)+1)*1 -> 120 | H9: =LEFT(H2,FIND("-",H2)-1)*1 -> 3 | I9: =MID(H2,FIND("-",H2)+1,LEN(H2)-FIND("-",H2)+1)*1 -> 4
B10: =LEFT(B3,FIND("-",B3)-1)*1 -> 140 | C10: =MID(B3,FIND("-",B3)+1,LEN(B3)-FIND("-",B3)+1)*1 -> 182 | H10: =LEFT(H3,FIND("-",H3)-1)*1 -> #VALUE! | I10: =MID(H3,FIND("-",H3)+1,LEN(H3)-FIND("-",H3)+1)*1 -> #VALUE!
B11: =LEFT(B4,FIND("-",B4)-1)*1 -> 12 | C11: =MID(B4,FIND("-",B4)+1,LEN(B4)-FIND("-",B4)+1)*1 -> 15.6 | H11: =LEFT(H4,FIND("-",H4)-1)*1 -> #VALUE! | I11: =MID(H4,FIND("-",H4)+1,LEN(H4)-FIND("-",H4)+1)*1 -> #VALUE!
B12: =LEFT(B5,FIND("-",B5)-1)*1 -> 40 | C12: =MID(B5,FIND("-",B5)+1,LEN(B5)-FIND("-",B5)+1)*1 -> 52 | H12: =LEFT(H5,FIND("-",H5)-1)*1 -> #VALUE! | I12: =MID(H5,FIND("-",H5)+1,LEN(H5)-FIND("-",H5)+1)*1 -> #VALUE!
B13: =LEFT(B6,FIND("-",B6)-1)*1 -> 5 | C13: =MID(B6,FIND("-",B6)+1,LEN(B6)-FIND("-",B6)+1)*1 -> 6.5 | H13: =LEFT(H6,FIND("-",H6)-1)*1 -> #VALUE! | I13: =MID(H6,FIND("-",H6)+1,LEN(H6)-FIND("-",H6)+1)*1 -> #VALUE!
B15: =SUM(B9:B13) -> 297 | C15: =SUM(C9:C13) -> 376.1 | H15: =SUM(H9:H13) -> #VALUE! | I15: =SUM(I9:I13) -> #VALUE!
C22: =40*2 -> 80
C23: =C22*3 -> 240 | H23: =35100/3 -> 11700
H24: =H23/5 -> 2340
H25: =H24/3 -> 780
F33: =0.7*140 -> 98
F34: =0.7*160 -> 112
F35: =0.7*200 -> 140
F36: =0.7*260 -> 182
B40: 93 000 | C40: 120 000

Sheet v2 1
A1: Phase | B1: Hours | C1: Lower Bound | D1: Upper Bound | E1: £/hour | H1: # Sprints | I1: Lower Bound | J1: Upper Bound | K1: £/sprint
A2: Analysis | B2: 140 - 160 | C2: =B9*$E2 -> 21000 | D2: =C9*$E2 -> 24000 | E2: 150 | H2: 3 - 4 | I2: =H9*$K2 -> 105300 | J2: =I9*$K2 -> 140400 | K2: 35100
A3: Build | B3: 200 - 260 | C3: =B10*120 -> 24000 | D3: =C10*120 -> 31200
A4: Project Management | B4: 12 - 15.6 | C4: =B11*120 -> 1440 | D4: =C11*120 -> 1872
A5: UAT | B5: 40 - 52 | C5: =B12*120 -> 4800 | D5: =C12*120 -> 6240
A6: Production | B6: 5 - 6.5 | C6: =B13*120 -> 600 | D6: =C13*120 -> 780
A7: Total | B7: =ROUND(B15,0)&" - "&ROUND(C15,0) -> 397 - 494 | C7: =SUM(C2:C6) -> 51840 | D7: =SUM(D2:D6) -> 64092
B9: =LEFT(B2,FIND("-",B2)-1)*1 -> 140 | C9: =MID(B2,FIND("-",B2)+1,LEN(B2)-FIND("-",B2)+1)*1 -> 160 | H9: =LEFT(H2,FIND("-",H2)-1)*1 -> 3 | I9: =MID(H2,FIND("-",H2)+1,LEN(H2)-FIND("-",H2)+1)*1 -> 4
B10: =LEFT(B3,FIND("-",B3)-1)*1 -> 200 | C10: =MID(B3,FIND("-",B3)+1,LEN(B3)-FIND("-",B3)+1)*1 -> 260 | H10: =LEFT(H3,FIND("-",H3)-1)*1 -> #VALUE! | I10: =MID(H3,FIND("-",H3)+1,LEN(H3)-FIND("-",H3)+1)*1 -> #VALUE!
B11: =LEFT(B4,FIND("-",B4)-1)*1 -> 12 | C11: =MID(B4,FIND("-",B4)+1,LEN(B4)-FIND("-",B4)+1)*1 -> 15.6 | H11: =LEFT(H4,FIND("-",H4)-1)*1 -> #VALUE! | I11: =MID(H4,FIND("-",H4)+1,LEN(H4)-FIND("-",H4)+1)*1 -> #VALUE!
B12: =LEFT(B5,FIND("-",B5)-1)*1 -> 40 | C12: =MID(B5,FIND("-",B5)+1,LEN(B5)-FIND("-",B5)+1)*1 -> 52 | H12: =LEFT(H5,FIND("-",H5)-1)*1 -> #VALUE! | I12: =MID(H5,FIND("-",H5)+1,LEN(H5)-FIND("-",H5)+1)*1 -> #VALUE!
B13: =LEFT(B6,FIND("-",B6)-1)*1 -> 5 | C13: =MID(B6,FIND("-",B6)+1,LEN(B6)-FIND("-",B6)+1)*1 -> 6.5 | H13: =LEFT(H6,FIND("-",H6)-1)*1 -> #VALUE! | I13: =MID(H6,FIND("-",H6)+1,LEN(H6)-FIND("-",H6)+1)*1 -> #VALUE!
B15: =SUM(B9:B13) -> 397 | C15: =SUM(C9:C13) -> 494.1 | H15: =SUM(H9:H13) -> #VALUE! | I15: =SUM(I9:I13) -> #VALUE!
H23: =35100/3 -> 11700
H24: =H23/5 -> 2340
H25: =H24/3 -> 780

Sheet Latest cost
A1: Project Phases | B1: Duration | C1: Lower Bound | D1: Upper Bound
A2: Sprint 0 | B2: 6 weeks | C2: ='v2'!C2 -> 15000 | D2: ='v2'!D2 -> 18000
A3: Sprint 1 - 4 | B3: 9-12 weeks | C3: =3*J15 -> 70200 | D3: =4*J15 -> 93600
A4: UAT | B4: 2 weeks | C4: 3600 | D4: 3600
A5: Production Deployment & Post Go-Live Support | B5: 2 weeks | C5: 3600 | D5: 3600
A6: User guide creation | B6: 1 week | C6: 3150 | D6: 3150
A7: Sub Total | B7: 20-23 weeks | C7: =SUM(C2:C6) -> 95550 | D7: =SUM(D2:D6) -> 121950
A8: Data Migration | B8: Run in parallel with sprints | C8: 4800 | D8: 19200
A9: Total | B9: 20-23 weeks | C9: =SUM(C7:C8) -> 100350 | D9: =SUM(D7:D8) -> 141150
J14: Cost per sprint
I15: =18900/3 -> 6300 | J15: =780*5*3*2 -> 23400 | K15: 2 x FTE @ GBP780/day
I16: =I15/5 -> 1260
I17: =I16/2 -> 630

Sheet Latest cost 2024-10-28
A1: Project Phases | B1: Duration | C1: Lower | D1: Upper
A2: Grainger Trust Leasing Journey
A3: Sprint 0 | B3: 3-4 weeks | C3: ='2024-10-23'!C2 -> 9000 | D3: ='2024-10-23'!D2 -> 12000
A4: 2-3 Sprints | B4: 6-9 weeks | C4: =2*J22 -> 46800 | D4: =3*J22 -> 70200
A5: UAT | B5: 2 weeks | C5: 3600 | D5: 3600
A6: Production Deployment & Post Go-Live Support | B6: 2 weeks | C6: 3600 | D6: 3600
A8: Sub Total | B8: 13-17 weeks | C8: =SUM(C3:C7) -> 63000 | D8: =SUM(D3:D7) -> 89400
A11: Data Migration
A12: Data Migration - extract, transform & load | B12: 6-12 weeks | C12: 4800 | D12: 19200
A14: Sub Total | B14: Run in parallel with sprints | C14: =C12 -> 4800 | D14: =D12 -> 19200
A17: KYC Functionality
A18: KYC analysis and solution design for sharing model changes | B18: 2-3 weeks | C18: ='2024-10-23'!C3 -> 4500 | D18: ='2024-10-23'!D3 -> 6000
A19: KYC implementation | B19: 1 week | C19: =5*780 -> 3900 | D19: =5*780 -> 3900
A20: KYC UAT - Open Box led UAT to verify sharing changes | B20: 2 weeks | C20: ='2024-10-23'!C4 -> 3600 | D20: ='2024-10-23'!D4 -> 4800 | J20: Cost per sprint
A21: Production Deployment & Post Go-Live Support | B21: 2 weeks | C21: 3600 | D21: 3600
I22: =18900/3 -> 6300 | J22: =780*5*3*2 -> 23400 | K22: 2 x FTE @ GBP780/day
A23: Sub Total | B23: 7-8 weeks | C23: =SUM(C18:C21) -> 15600 | D23: =SUM(D18:D21) -> 18300 | I23: =I22/5 -> 1260
I24: =I23/2 -> 630

Sheet 2024-10-23
A1: Phase | B1: Hours | C1: Lower Bound | D1: Upper Bound | E1: £/hour | H1: # Sprints | I1: Lower Bound | J1: Upper Bound | K1: £/sprint
A2: Analysis | B2: 60-80 | C2: =B9*$E2 -> 9000 | D2: =C9*$E2 -> 12000 | E2: 150 | H2: 3 - 4 | I2: =H9*$K2 -> 56700 | J2: =I9*$K2 -> 75600 | K2: 18900
A3: KYC analysis | B3: 30-40 | C3: =B10*$E3 -> 4500 | D3: =C10*$E3 -> 6000 | E3: 150
A4: KYC UAT | B4: 24-32 | C4: =B11*$E4 -> 3600 | D4: =C11*$E4 -> 4800 | E4: 150
B9: =LEFT(B2,FIND("-",B2)-1)*1 -> 60 | C9: =MID(B2,FIND("-",B2)+1,LEN(B2)-FIND("-",B2)+1)*1 -> 80 | H9: =LEFT(H2,FIND("-",H2)-1)*1 -> 3 | I9: =MID(H2,FIND("-",H2)+1,LEN(H2)-FIND("-",H2)+1)*1 -> 4
B10: =LEFT(B3,FIND("-",B3)-1)*1 -> 30 | C10: =MID(B3,FIND("-",B3)+1,LEN(B3)-FIND("-",B3)+1)*1 -> 40 | H10: =LEFT(H3,FIND("-",H3)-1)*1 -> #VALUE! | I10: =MID(H3,FIND("-",H3)+1,LEN(H3)-FIND("-",H3)+1)*1 -> #VALUE!
B11: =LEFT(B4,FIND("-",B4)-1)*1 -> 24 | C11: =MID(B4,FIND("-",B4)+1,LEN(B4)-FIND("-",B4)+1)*1 -> 32 | H11: =LEFT(H4,FIND("-",H4)-1)*1 -> #VALUE! | I11: =MID(H4,FIND("-",H4)+1,LEN(H4)-FIND("-",H4)+1)*1 -> #VALUE!
B12: =LEFT(B5,FIND("-",B5)-1)*1 -> #VALUE! | C12: =MID(B5,FIND("-",B5)+1,LEN(B5)-FIND("-",B5)+1)*1 -> #VALUE! | H12: =LEFT(H5,FIND("-",H5)-1)*1 -> #VALUE! | I12: =MID(H5,FIND("-",H5)+1,LEN(H5)-FIND("-",H5)+1)*1 -> #VALUE!
B13: =LEFT(B6,FIND("-",B6)-1)*1 -> #VALUE! | C13: =MID(B6,FIND("-",B6)+1,LEN(B6)-FIND("-",B6)+1)*1 -> #VALUE! | H13: =LEFT(H6,FIND("-",H6)-1)*1 -> #VALUE! | I13: =MID(H6,FIND("-",H6)+1,LEN(H6)-FIND("-",H6)+1)*1 -> #VALUE!
B15: =SUM(B9:B13) -> #VALUE! | C15: =SUM(C9:C13) -> #VALUE! | H15: =SUM(H9:H13) -> #VALUE! | I15: =SUM(I9:I13) -> #VALUE!
C22: =40*2 -> 80
C23: =C22*3 -> 240 | H23: =35100/3 -> 11700
H24: =H23/5 -> 2340
H25: =H24/3 -> 780
F33: =0.7*140 -> 98
F34: =0.7*160 -> 112
F35: =0.7*200 -> 140
F36: =0.7*260 -> 182
B40: 93 000 | C40: 120 000
