Workbook

Sheet INPUT
A1: _ | B1: Queue | C1: Queue.DeveloperName | D1: SobjectType | E1: QueueId
A2: [QueueSobject] | B2: [Group] | C2: Abbeville_Apartments | D2: Task | E2: 00GNz0000028cn0MAA
A3: [QueueSobject] | B3: [Group] | C3: Abbeville_Apartments | D3: End_Of_Tenancy_Task__c | E3: 00GNz0000028cn0MAA
A4: [QueueSobject] | B4: [Group] | C4: AM_BTR_London | D4: Task | E4: 00GNz0000028cmvMAA
A5: [QueueSobject] | B5: [Group] | C5: AM_BTR_London | D5: End_Of_Tenancy_Task__c | E5: 00GNz0000028cmvMAA
A6: [QueueSobject] | B6: [Group] | C6: AM_BTR_Regions | D6: Task | E6: 00GNz0000028cmwMAA
A7: [QueueSobject] | B7: [Group] | C7: AM_BTR_Regions | D7: End_Of_Tenancy_Task__c | E7: 00GNz0000028cmwMAA
A8: [QueueSobject] | B8: [Group] | C8: AM_New_Launches | D8: Task | E8: 00GNz0000028cmxMAA
A9: [QueueSobject] | B9: [Group] | C9: AM_New_Launches | D9: End_Of_Tenancy_Task__c | E9: 00GNz0000028cmxMAA
A10: [QueueSobject] | B10: [Group] | C10: AM_PRS_London | D10: Task | E10: 00GNz0000028cmyMAA
A11: [QueueSobject] | B11: [Group] | C11: AM_PRS_London | D11: End_Of_Tenancy_Task__c | E11: 00GNz0000028cmyMAA
A12: [QueueSobject] | B12: [Group] | C12: AM_PRS_Regions | D12: End_Of_Tenancy_Task__c | E12: 00GNz0000028cmzMAA
... A100: [QueueSobject] | B100: [Group] | C100: Windlass_Apartments_Team | D100: End_Of_Tenancy_Task__c | E100: 00GNz0000028cnVMAQ

Sheet OUTPUT
A1: _Queue.DeveloperName | B1: QueueId | C1: SobjectType
A2: Abbeville_Apartments | B2: =VLOOKUP(A2,INPUT!C1:F98,3,TRUE) -> 00GNz0000028cn0MAA | C2: Right_to_Rent__c
A3: Apex_Gardens_Team | B3: =VLOOKUP(A3,INPUT!C2:F99,3,TRUE) -> 00GNz0000028cn1MAA | C3: Right_to_Rent__c
A4: Argo_Apartments_Team | B4: =VLOOKUP(A4,INPUT!C3:F100,3,TRUE) -> 00GNz0000028cn2MAA | C4: Right_to_Rent__c
A5: Brook_Place_Team | B5: =VLOOKUP(A5,INPUT!C4:F101,3,TRUE) -> 00GNz0000028cn3MAA | C5: Right_to_Rent__c
A6: Clippers_Quay_Team | B6: =VLOOKUP(A6,INPUT!C5:F102,3,TRUE) -> 00GNz0000028cn4MAA | C6: Right_to_Rent__c
A7: Copperworks_Team | B7: =VLOOKUP(A7,INPUT!C6:F103,3,TRUE) -> 00GNz0000028cn5MAA | C7: Right_to_Rent__c
A8: Enigma_Square_Team | B8: =VLOOKUP(A8,INPUT!C7:F104,3,TRUE) -> 00GNz0000028cn7MAA | C8: Right_to_Rent__c
A9: Finance_Team | B9: =VLOOKUP(A9,INPUT!C8:F105,3,TRUE) -> 00GNz0000028cn8MAA | C9: Right_to_Rent__c
A10: Gatehouse_Team | B10: =VLOOKUP(A10,INPUT!C9:F106,3,TRUE) -> 00GNz0000028cn9MAA | C10: Right_to_Rent__c
A11: Gilders_Yard_Team | B11: =VLOOKUP(A11,INPUT!C10:F107,3,TRUE) -> 00GNz0000028cnAMAQ | C11: Right_to_Rent__c
A12: Hawkins_and_George_Team | B12: =VLOOKUP(A12,INPUT!C11:F108,3,TRUE) -> 00GNz0000028cnBMAQ | C12: Right_to_Rent__c
A13: Lettings_Midlands | B13: =VLOOKUP(A13,INPUT!C12:F109,3,TRUE) -> 00GNz0000028cnCMAQ | C13: Right_to_Rent__c
... A31: Windlass_Apartments_Team | B31: =VLOOKUP(A31,INPUT!C30:F127,3,TRUE) -> 00GNz0000028cnVMAQ | C31: Right_to_Rent__c

Sheet DM Result
A1: _Queue.DeveloperName | B1: QueueId | C1: SobjectType | D1: __Status | E1: __Id | F1: __Action | G1: __Errors
A2: Abbeville_Apartments | B2: 00GNz0000028cn0MAA | C2: Right_to_Rent__c | D2: Succeeded | E2: 03gNz0000006nIzIAI | F2: Inserted
A3: Apex_Gardens_Team | B3: 00GNz0000028cn1MAA | C3: Right_to_Rent__c | D3: Succeeded | E3: 03gNz0000006nJ0IAI | F3: Inserted
A4: Argo_Apartments_Team | B4: 00GNz0000028cn2MAA | C4: Right_to_Rent__c | D4: Succeeded | E4: 03gNz0000006nJ1IAI | F4: Inserted
A5: Brook_Place_Team | B5: 00GNz0000028cn3MAA | C5: Right_to_Rent__c | D5: Succeeded | E5: 03gNz0000006nJ2IAI | F5: Inserted
A6: Clippers_Quay_Team | B6: 00GNz0000028cn4MAA | C6: Right_to_Rent__c | D6: Succeeded | E6: 03gNz0000006nJ3IAI | F6: Inserted
A7: Copperworks_Team | B7: 00GNz0000028cn5MAA | C7: Right_to_Rent__c | D7: Succeeded | E7: 03gNz0000006nJ4IAI | F7: Inserted
A8: Enigma_Square_Team | B8: 00GNz0000028cn7MAA | C8: Right_to_Rent__c | D8: Succeeded | E8: 03gNz0000006nJ5IAI | F8: Inserted
A9: Finance_Team | B9: 00GNz0000028cn8MAA | C9: Right_to_Rent__c | D9: Succeeded | E9: 03gNz0000006nJ6IAI | F9: Inserted
A10: Gatehouse_Team | B10: 00GNz0000028cn9MAA | C10: Right_to_Rent__c | D10: Succeeded | E10: 03gNz0000006nJ7IAI | F10: Inserted
A11: Gilders_Yard_Team | B11: 00GNz0000028cnAMAQ | C11: Right_to_Rent__c | D11: Succeeded | E11: 03gNz0000006nJ8IAI | F11: Inserted
A12: Hawkins_and_George_Team | B12: 00GNz0000028cnBMAQ | C12: Right_to_Rent__c | D12: Succeeded | E12: 03gNz0000006nJ9IAI | F12: Inserted
A13: Lettings_Midlands | B13: 00GNz0000028cnCMAQ | C13: Right_to_Rent__c | D13: Succeeded | E13: 03gNz0000006nJAIAY | F13: Inserted
... A31: Windlass_Apartments_Team | B31: 00GNz0000028cnVMAQ | C31: Right_to_Rent__c | D31: Succeeded | E31: 03gNz0000006nJSIAY | F31: Inserted
