Workbook

Sheet Sheet1
A1: Unit ID
A2: 222708001
A3: 222708002
A4: 222708003
A5: 222708004
A6: 222708005
A7: 222708006
A8: 222708007
A9: 222708008
A10: 222708009
A11: 222708010
A12: 222708011
... A262: 222708261
A263: 0

Sheet Existing PBE
A1: Complex Key | B1: Id | C1: Product2.Unit__r.PMS_Reference__c | D1: Pricebook2.Name | E1: Pricebook2.Effective_Date__c | F1: UnitPrice
A2: =C2&"_"&YEAR(E2)&"_"&MONTH(E2) -> 222708001_2025_3 | B2: 01uPv0000060bPlIAI | C2: 222708001 | D2: Price Book Rent Mar 2025 | E2: 45717 | F2: 0
A3: =C3&"_"&YEAR(E3)&"_"&MONTH(E3) -> 222708001_2025_4 | B3: 01uPv0000060bPmIAI | C3: 222708001 | D3: Price Book Rent Apr 2025 | E3: 45748 | F3: 0
A4: =C4&"_"&YEAR(E4)&"_"&MONTH(E4) -> 222708001_2025_5 | B4: 01uPv0000060bPnIAI | C4: 222708001 | D4: Price Book Rent May 2025 | E4: 45778 | F4: 0
A5: =C5&"_"&YEAR(E5)&"_"&MONTH(E5) -> 222708001_2025_6 | B5: 01uPv0000060bPoIAI | C5: 222708001 | D5: Price Book Rent Jun 2025 | E5: 45809 | F5: 0
A6: =C6&"_"&YEAR(E6)&"_"&MONTH(E6) -> 222708001_2025_7 | B6: 01uPv0000060bPpIAI | C6: 222708001 | D6: Price Book Rent Jul 2025 | E6: 45839 | F6: 0
A7: =C7&"_"&YEAR(E7)&"_"&MONTH(E7) -> 222708001_2025_8 | B7: 01uPv0000060bPqIAI | C7: 222708001 | D7: Price Book Rent Aug 2025 | E7: 45870 | F7: 0
A8: =C8&"_"&YEAR(E8)&"_"&MONTH(E8) -> 222708001_2025_9 | B8: 01uPv0000060bPrIAI | C8: 222708001 | D8: Price Book Rent Sep 2025 | E8: 45901 | F8: 0
A9: =C9&"_"&YEAR(E9)&"_"&MONTH(E9) -> 222708001_2025_10 | B9: 01uPv0000060bPsIAI | C9: 222708001 | D9: Price Book Rent Oct 2025 | E9: 45931 | F9: 0
A10: =C10&"_"&YEAR(E10)&"_"&MONTH(E10) -> 222708001_2025_11 | B10: 01uPv0000060bPtIAI | C10: 222708001 | D10: Price Book Rent Nov 2025 | E10: 45962 | F10: 0
A11: =C11&"_"&YEAR(E11)&"_"&MONTH(E11) -> 222708001_2025_12 | B11: 01uPv0000060bPuIAI | C11: 222708001 | D11: Price Book Rent Dec 2025 | E11: 45992 | F11: 0
A12: =C12&"_"&YEAR(E12)&"_"&MONTH(E12) -> 222708001_2026_1 | B12: 01uPv0000060bPvIAI | C12: 222708001 | D12: Price Book Rent Jan 2026 | E12: 46023 | F12: 0
A13: =C13&"_"&YEAR(E13)&"_"&MONTH(E13) -> 222708001_2026_2 | B13: 01uPv0000060bPwIAI | C13: 222708001 | D13: Price Book Rent Feb 2026 | E13: 46054 | F13: 0
... A16966: =C16966&"_"&YEAR(E16966)&"_"&MONTH(E16966) -> 222708261_2025_2 | B16966: 01uPv000006s2PlIAI | C16966: 222708261 | D16966: Price Book Rent 2025 02 | E16966: 45689 | F16966: 1393.18

Sheet PBI
B1: Unit ID | C1: From Date | D1: To Date | E1: UnitPrice | F1: _Complex Key | G1: Id
A2: 1 | B2: 222708001 | C2: 45566 | D2: =EOMONTH(C2,0) -> 45596 | E2: 1371.7719 | F2: =B2&"_"&YEAR(C2)&"_"&MONTH(C2) -> 222708001_2024_10 | G2: =VLOOKUP(F2,'Existing PBE'!A:C,2,FALSE) -> #N/A
B3: 222708001 | C3: =D2+1 -> 45597 | D3: =EOMONTH(C3,0) -> 45626 | E3: 1378.3574 | F3: =B3&"_"&YEAR(C3)&"_"&MONTH(C3) -> 222708001_2024_11 | G3: =VLOOKUP(F3,'Existing PBE'!A:C,2,FALSE) -> #N/A
B4: 222708001 | C4: =D3+1 -> 45627 | D4: =EOMONTH(C4,0) -> 45657 | E4: 1385.1956 | F4: =B4&"_"&YEAR(C4)&"_"&MONTH(C4) -> 222708001_2024_12 | G4: =VLOOKUP(F4,'Existing PBE'!A:C,2,FALSE) -> #N/A
B5: 222708001 | C5: =D4+1 -> 45658 | D5: =EOMONTH(C5,0) -> 45688 | E5: 1392.0678 | F5: =B5&"_"&YEAR(C5)&"_"&MONTH(C5) -> 222708001_2025_1 | G5: =VLOOKUP(F5,'Existing PBE'!A:C,2,FALSE) -> #N/A
B6: 222708001 | C6: =D5+1 -> 45689 | D6: =EOMONTH(C6,0) -> 45716 | E6: 1398.3042 | F6: =B6&"_"&YEAR(C6)&"_"&MONTH(C6) -> 222708001_2025_2 | G6: =VLOOKUP(F6,'Existing PBE'!A:C,2,FALSE) -> 01uPv000006s2GWIAY
B7: 222708001 | C7: =D6+1 -> 45717 | D7: =EOMONTH(C7,0) -> 45747 | E7: 1405.2413 | F7: =B7&"_"&YEAR(C7)&"_"&MONTH(C7) -> 222708001_2025_3 | G7: =VLOOKUP(F7,'Existing PBE'!A:C,2,FALSE) -> 01uPv0000060bPlIAI
B8: 222708001 | C8: =D7+1 -> 45748 | D8: =EOMONTH(C8,0) -> 45777 | E8: 1411.9875 | F8: =B8&"_"&YEAR(C8)&"_"&MONTH(C8) -> 222708001_2025_4 | G8: =VLOOKUP(F8,'Existing PBE'!A:C,2,FALSE) -> 01uPv0000060bPmIAI
B9: 222708001 | C9: =D8+1 -> 45778 | D9: =EOMONTH(C9,0) -> 45808 | E9: 1418.9926 | F9: =B9&"_"&YEAR(C9)&"_"&MONTH(C9) -> 222708001_2025_5 | G9: =VLOOKUP(F9,'Existing PBE'!A:C,2,FALSE) -> 01uPv0000060bPnIAI
B10: 222708001 | C10: =D9+1 -> 45809 | D10: =EOMONTH(C10,0) -> 45838 | E10: 1425.8047 | F10: =B10&"_"&YEAR(C10)&"_"&MONTH(C10) -> 222708001_2025_6 | G10: =VLOOKUP(F10,'Existing PBE'!A:C,2,FALSE) -> 01uPv0000060bPoIAI
B11: 222708001 | C11: =D10+1 -> 45839 | D11: =EOMONTH(C11,0) -> 45869 | E11: 1432.8783 | F11: =B11&"_"&YEAR(C11)&"_"&MONTH(C11) -> 222708001_2025_7 | G11: =VLOOKUP(F11,'Existing PBE'!A:C,2,FALSE) -> 01uPv0000060bPpIAI
B12: 222708001 | C12: =D11+1 -> 45870 | D12: =EOMONTH(C12,0) -> 45900 | E12: 1439.987 | F12: =B12&"_"&YEAR(C12)&"_"&MONTH(C12) -> 222708001_2025_8 | G12: =VLOOKUP(F12,'Existing PBE'!A:C,2,FALSE) -> 01uPv0000060bPqIAI
B13: 222708001 | C13: =D12+1 -> 45901 | D13: =EOMONTH(C13,0) -> 45930 | E13: 1446.9 | F13: =B13&"_"&YEAR(C13)&"_"&MONTH(C13) -> 222708001_2025_9 | G13: =VLOOKUP(F13,'Existing PBE'!A:C,2,FALSE) -> 01uPv0000060bPrIAI
A14: =A2+1 -> 2 | B14: 222708002 | C14: =C2 -> 45566 | D14: =D2 -> 45596 | E14: 1200.9286 | F14: =B14&"_"&YEAR(C14)&"_"&MONTH(C14) -> 222708002_2024_10 | G14: =VLOOKUP(F14,'Existing PBE'!A:C,2,FALSE) -> #N/A
B15: 222708002 | C15: =C3 -> 45597 | D15: =D3 -> 45626 | E15: 1206.6939 | F15: =B15&"_"&YEAR(C15)&"_"&MONTH(C15) -> 222708002_2024_11 | G15: =VLOOKUP(F15,'Existing PBE'!A:C,2,FALSE) -> #N/A
B16: 222708002 | C16: =C4 -> 45627 | D16: =D4 -> 45657 | E16: 1212.6804 | F16: =B16&"_"&YEAR(C16)&"_"&MONTH(C16) -> 222708002_2024_12 | G16: =VLOOKUP(F16,'Existing PBE'!A:C,2,FALSE) -> #N/A
B17: 222708002 | C17: =C5 -> 45658 | D17: =D5 -> 45688 | E17: 1218.6967 | F17: =B17&"_"&YEAR(C17)&"_"&MONTH(C17) -> 222708002_2025_1 | G17: =VLOOKUP(F17,'Existing PBE'!A:C,2,FALSE) -> #N/A
B18: 222708002 | C18: =C6 -> 45689 | D18: =D6 -> 45716 | E18: 1224.1564 | F18: =B18&"_"&YEAR(C18)&"_"&MONTH(C18) -> 222708002_2025_2 | G18: =VLOOKUP(F18,'Existing PBE'!A:C,2,FALSE) -> 01uPv000006s2DOIAY
B19: 222708002 | C19: =C7 -> 45717 | D19: =D7 -> 45747 | E19: 1230.2296 | F19: =B19&"_"&YEAR(C19)&"_"&MONTH(C19) -> 222708002_2025_3 | G19: =VLOOKUP(F19,'Existing PBE'!A:C,2,FALSE) -> 01uPv0000060ZoaIAE
B20: 222708002 | C20: =C8 -> 45748 | D20: =D8 -> 45777 | E20: 1236.1356 | F20: =B20&"_"&YEAR(C20)&"_"&MONTH(C20) -> 222708002_2025_4 | G20: =VLOOKUP(F20,'Existing PBE'!A:C,2,FALSE) -> 01uPv0000060ZobIAE
B21: 222708002 | C21: =C9 -> 45778 | D21: =D9 -> 45808 | E21: 1242.2682 | F21: =B21&"_"&YEAR(C21)&"_"&MONTH(C21) -> 222708002_2025_5 | G21: =VLOOKUP(F21,'Existing PBE'!A:C,2,FALSE) -> 01uPv0000060ZocIAE
B22: 222708002 | C22: =C10 -> 45809 | D22: =D10 -> 45838 | E22: 1248.232 | F22: =B22&"_"&YEAR(C22)&"_"&MONTH(C22) -> 222708002_2025_6 | G22: =VLOOKUP(F22,'Existing PBE'!A:C,2,FALSE) -> 01uPv0000060ZodIAE
B23: 222708002 | C23: =C11 -> 45839 | D23: =D11 -> 45869 | E23: 1254.4246 | F23: =B23&"_"&YEAR(C23)&"_"&MONTH(C23) -> 222708002_2025_7 | G23: =VLOOKUP(F23,'Existing PBE'!A:C,2,FALSE) -> 01uPv0000060ZoeIAE
B24: 222708002 | C24: =C12 -> 45870 | D24: =D12 -> 45900 | E24: 1260.648 | F24: =B24&"_"&YEAR(C24)&"_"&MONTH(C24) -> 222708002_2025_8 | G24: =VLOOKUP(F24,'Existing PBE'!A:C,2,FALSE) -> 01uPv0000060ZofIAE
B25: 222708002 | C25: =C13 -> 45901 | D25: =D13 -> 45930 | E25: 1266.7 | F25: =B25&"_"&YEAR(C25)&"_"&MONTH(C25) -> 222708002_2025_9 | G25: =VLOOKUP(F25,'Existing PBE'!A:C,2,FALSE) -> 01uPv0000060ZogIAE
A26: =A14+1 -> 3 | B26: 222708003 | C26: =C14 -> 45566 | D26: =D14 -> 45596 | E26: 1200.9286 | F26: =B26&"_"&YEAR(C26)&"_"&MONTH(C26) -> 222708003_2024_10 | G26: =VLOOKUP(F26,'Existing PBE'!A:C,2,FALSE) -> #N/A
B27: 222708003 | C27: =C15 -> 45597 | D27: =D15 -> 45626 | E27: 1206.6939 | F27: =B27&"_"&YEAR(C27)&"_"&MONTH(C27) -> 222708003_2024_11 | G27: =VLOOKUP(F27,'Existing PBE'!A:C,2,FALSE) -> #N/A
B28: 222708003 | C28: =C16 -> 45627 | D28: =D16 -> 45657 | E28: 1212.6804 | F28: =B28&"_"&YEAR(C28)&"_"&MONTH(C28) -> 222708003_2024_12 | G28: =VLOOKUP(F28,'Existing PBE'!A:C,2,FALSE) -> #N/A
B29: 222708003 | C29: =C17 -> 45658 | D29: =D17 -> 45688 | E29: 1218.6967 | F29: =B29&"_"&YEAR(C29)&"_"&MONTH(C29) -> 222708003_2025_1 | G29: =VLOOKUP(F29,'Existing PBE'!A:C,2,FALSE) -> #N/A
B30: 222708003 | C30: =C18 -> 45689 | D30: =D18 -> 45716 | E30: 1224.1564 | F30: =B30&"_"&YEAR(C30)&"_"&MONTH(C30) -> 222708003_2025_2 | G30: =VLOOKUP(F30,'Existing PBE'!A:C,2,FALSE) -> 01uPv000006s2GOIAY
B31: 222708003 | C31: =C19 -> 45717 | D31: =D19 -> 45747 | E31: 1230.2296 | F31: =B31&"_"&YEAR(C31)&"_"&MONTH(C31) -> 222708003_2025_3 | G31: =VLOOKUP(F31,'Existing PBE'!A:C,2,FALSE) -> 01uPv0000060XaaIAE
B32: 222708003 | C32: =C20 -> 45748 | D32: =D20 -> 45777 | E32: 1236.1356 | F32: =B32&"_"&YEAR(C32)&"_"&MONTH(C32) -> 222708003_2025_4 | G32: =VLOOKUP(F32,'Existing PBE'!A:C,2,FALSE) -> 01uPv0000060XabIAE
B33: 222708003 | C33: =C21 -> 45778 | D33: =D21 -> 45808 | E33: 1242.2682 | F33: =B33&"_"&YEAR(C33)&"_"&MONTH(C33) -> 222708003_2025_5 | G33: =VLOOKUP(F33,'Existing PBE'!A:C,2,FALSE) -> 01uPv0000060XacIAE
B34: 222708003 | C34: =C22 -> 45809 | D34: =D22 -> 45838 | E34: 1248.232 | F34: =B34&"_"&YEAR(C34)&"_"&MONTH(C34) -> 222708003_2025_6 | G34: =VLOOKUP(F34,'Existing PBE'!A:C,2,FALSE) -> 01uPv0000060XadIAE
B35: 222708003 | C35: =C23 -> 45839 | D35: =D23 -> 45869 | E35: 1254.4246 | F35: =B35&"_"&YEAR(C35)&"_"&MONTH(C35) -> 222708003_2025_7 | G35: =VLOOKUP(F35,'Existing PBE'!A:C,2,FALSE) -> 01uPv0000060XaeIAE
B36: 222708003 | C36: =C24 -> 45870 | D36: =D24 -> 45900 | E36: 1260.648 | F36: =B36&"_"&YEAR(C36)&"_"&MONTH(C36) -> 222708003_2025_8 | G36: =VLOOKUP(F36,'Existing PBE'!A:C,2,FALSE) -> 01uPv0000060XafIAE
B37: 222708003 | C37: =C25 -> 45901 | D37: =D25 -> 45930 | E37: 1266.7 | F37: =B37&"_"&YEAR(C37)&"_"&MONTH(C37) -> 222708003_2025_9 | G37: =VLOOKUP(F37,'Existing PBE'!A:C,2,FALSE) -> 01uPv0000060XagIAE
A38: =A26+1 -> 4 | B38: 222708004 | C38: =C26 -> 45566 | D38: =D26 -> 45596 | E38: 1371.7719 | F38: =B38&"_"&YEAR(C38)&"_"&MONTH(C38) -> 222708004_2024_10 | G38: =VLOOKUP(F38,'Existing PBE'!A:C,2,FALSE) -> #N/A
B39: 222708004 | C39: =C27 -> 45597 | D39: =D27 -> 45626 | E39: 1378.3574 | F39: =B39&"_"&YEAR(C39)&"_"&MONTH(C39) -> 222708004_2024_11 | G39: =VLOOKUP(F39,'Existing PBE'!A:C,2,FALSE) -> #N/A
B40: 222708004 | C40: =C28 -> 45627 | D40: =D28 -> 45657 | E40: 1385.1956 | F40: =B40&"_"&YEAR(C40)&"_"&MONTH(C40) -> 222708004_2024_12 | G40: =VLOOKUP(F40,'Existing PBE'!A:C,2,FALSE) -> #N/A
B41: 222708004 | C41: =C29 -> 45658 | D41: =D29 -> 45688 | E41: 1392.0678 | F41: =B41&"_"&YEAR(C41)&"_"&MONTH(C41) -> 222708004_2025_1 | G41: =VLOOKUP(F41,'Existing PBE'!A:C,2,FALSE) -> #N/A
B42: 222708004 | C42: =C30 -> 45689 | D42: =D30 -> 45716 | E42: 1398.3042 | F42: =B42&"_"&YEAR(C42)&"_"&MONTH(C42) -> 222708004_2025_2 | G42: =VLOOKUP(F42,'Existing PBE'!A:C,2,FALSE) -> 01uPv000006s2JcIAI
B43: 222708004 | C43: =C31 -> 45717 | D43: =D31 -> 45747 | E43: 1405.2413 | F43: =B43&"_"&YEAR(C43)&"_"&MONTH(C43) -> 222708004_2025_3 | G43: =VLOOKUP(F43,'Existing PBE'!A:C,2,FALSE) -> 01uPv0000060b8jIAA
B44: 222708004 | C44: =C32 -> 45748 | D44: =D32 -> 45777 | E44: 1411.9875 | F44: =B44&"_"&YEAR(C44)&"_"&MONTH(C44) -> 222708004_2025_4 | G44: =VLOOKUP(F44,'Existing PBE'!A:C,2,FALSE) -> 01uPv0000060b8kIAA
B45: 222708004 | C45: =C33 -> 45778 | D45: =D33 -> 45808 | E45: 1418.9926 | F45: =B45&"_"&YEAR(C45)&"_"&MONTH(C45) -> 222708004_2025_5 | G45: =VLOOKUP(F45,'Existing PBE'!A:C,2,FALSE) -> 01uPv0000060b8lIAA
B46: 222708004 | C46: =C34 -> 45809 | D46: =D34 -> 45838 | E46: 1425.8047 | F46: =B46&"_"&YEAR(C46)&"_"&MONTH(C46) -> 222708004_2025_6 | G46: =VLOOKUP(F46,'Existing PBE'!A:C,2,FALSE) -> 01uPv0000060b8mIAA
B47: 222708004 | C47: =C35 -> 45839 | D47: =D35 -> 45869 | E47: 1432.8783 | F47: =B47&"_"&YEAR(C47)&"_"&MONTH(C47) -> 222708004_2025_7 | G47: =VLOOKUP(F47,'Existing PBE'!A:C,2,FALSE) -> 01uPv0000060b8nIAA
B48: 222708004 | C48: =C36 -> 45870 | D48: =D36 -> 45900 | E48: 1439.987 | F48: =B48&"_"&YEAR(C48)&"_"&MONTH(C48) -> 222708004_2025_8 | G48: =VLOOKUP(F48,'Existing PBE'!A:C,2,FALSE) -> 01uPv0000060b8oIAA
B49: 222708004 | C49: =C37 -> 45901 | D49: =D37 -> 45930 | E49: 1446.9 | F49: =B49&"_"&YEAR(C49)&"_"&MONTH(C49) -> 222708004_2025_9 | G49: =VLOOKUP(F49,'Existing PBE'!A:C,2,FALSE) -> 01uPv0000060b8pIAA
A50: =A38+1 -> 5 | B50: 222708005 | C50: =C38 -> 45566 | D50: =D38 -> 45596 | E50: 1361.7223 | F50: =B50&"_"&YEAR(C50)&"_"&MONTH(C50) -> 222708005_2024_10 | G50: =VLOOKUP(F50,'Existing PBE'!A:C,2,FALSE) -> #N/A
B51: 222708005 | C51: =C39 -> 45597 | D51: =D39 -> 45626 | E51: 1368.2596 | F51: =B51&"_"&YEAR(C51)&"_"&MONTH(C51) -> 222708005_2024_11 | G51: =VLOOKUP(F51,'Existing PBE'!A:C,2,FALSE) -> #N/A
B52: 222708005 | C52: =C40 -> 45627 | D52: =D40 -> 45657 | E52: 1375.0477 | F52: =B52&"_"&YEAR(C52)&"_"&MONTH(C52) -> 222708005_2024_12 | G52: =VLOOKUP(F52,'Existing PBE'!A:C,2,FALSE) -> #N/A
B53: 222708005 | C53: =C41 -> 45658 | D53: =D41 -> 45688 | E53: 1381.8695 | F53: =B53&"_"&YEAR(C53)&"_"&MONTH(C53) -> 222708005_2025_1 | G53: =VLOOKUP(F53,'Existing PBE'!A:C,2,FALSE) -> #N/A
B54: 222708005 | C54: =C42 -> 45689 | D54: =D42 -> 45716 | E54: 1388.0602 | F54: =B54&"_"&YEAR(C54)&"_"&MONTH(C54) -> 222708005_2025_2 | G54: =VLOOKUP(F54,'Existing PBE'!A:C,2,FALSE) -> 01uPv000006s2JeIAI
B55: 222708005 | C55: =C43 -> 45717 | D55: =D43 -> 45747 | E55: 1394.9465 | F55: =B55&"_"&YEAR(C55)&"_"&MONTH(C55) -> 222708005_2025_3 | G55: =VLOOKUP(F55,'Existing PBE'!A:C,2,FALSE) -> 01uPv0000060bxHIAQ
B56: 222708005 | C56: =C44 -> 45748 | D56: =D44 -> 45777 | E56: 1401.6433 | F56: =B56&"_"&YEAR(C56)&"_"&MONTH(C56) -> 222708005_2025_4 | G56: =VLOOKUP(F56,'Existing PBE'!A:C,2,FALSE) -> 01uPv0000060bxIIAQ
B57: 222708005 | C57: =C45 -> 45778 | D57: =D45 -> 45808 | E57: 1408.597 | F57: =B57&"_"&YEAR(C57)&"_"&MONTH(C57) -> 222708005_2025_5 | G57: =VLOOKUP(F57,'Existing PBE'!A:C,2,FALSE) -> 01uPv0000060bxJIAQ
B58: 222708005 | C58: =C46 -> 45809 | D58: =D46 -> 45838 | E58: 1415.3593 | F58: =B58&"_"&YEAR(C58)&"_"&MONTH(C58) -> 222708005_2025_6 | G58: =VLOOKUP(F58,'Existing PBE'!A:C,2,FALSE) -> 01uPv0000060bxKIAQ
B59: 222708005 | C59: =C47 -> 45839 | D59: =D47 -> 45869 | E59: 1422.3811 | F59: =B59&"_"&YEAR(C59)&"_"&MONTH(C59) -> 222708005_2025_7 | G59: =VLOOKUP(F59,'Existing PBE'!A:C,2,FALSE) -> 01uPv0000060bxLIAQ
B60: 222708005 | C60: =C48 -> 45870 | D60: =D48 -> 45900 | E60: 1429.4377 | F60: =B60&"_"&YEAR(C60)&"_"&MONTH(C60) -> 222708005_2025_8 | G60: =VLOOKUP(F60,'Existing PBE'!A:C,2,FALSE) -> 01uPv0000060bxMIAQ
B61: 222708005 | C61: =C49 -> 45901 | D61: =D49 -> 45930 | E61: 1436.3 | F61: =B61&"_"&YEAR(C61)&"_"&MONTH(C61) -> 222708005_2025_9 | G61: =VLOOKUP(F61,'Existing PBE'!A:C,2,FALSE) -> 01uPv0000060bxNIAQ
A62: =A50+1 -> 6 | B62: 222708006 | C62: =C50 -> 45566 | D62: =D50 -> 45596 | E62: 1753.6572 | F62: =B62&"_"&YEAR(C62)&"_"&MONTH(C62) -> 222708006_2024_10 | G62: =VLOOKUP(F62,'Existing PBE'!A:C,2,FALSE) -> #N/A
B63: 222708006 | C63: =C51 -> 45597 | D63: =D51 -> 45626 | E63: 1762.076 | F63: =B63&"_"&YEAR(C63)&"_"&MONTH(C63) -> 222708006_2024_11 | G63: =VLOOKUP(F63,'Existing PBE'!A:C,2,FALSE) -> #N/A
B64: 222708006 | C64: =C52 -> 45627 | D64: =D52 -> 45657 | E64: 1770.8179 | F64: =B64&"_"&YEAR(C64)&"_"&MONTH(C64) -> 222708006_2024_12 | G64: =VLOOKUP(F64,'Existing PBE'!A:C,2,FALSE) -> #N/A
B65: 222708006 | C65: =C53 -> 45658 | D65: =D53 -> 45688 | E65: 1779.6031 | F65: =B65&"_"&YEAR(C65)&"_"&MONTH(C65) -> 222708006_2025_1 | G65: =VLOOKUP(F65,'Existing PBE'!A:C,2,FALSE) -> #N/A
B66: 222708006 | C66: =C54 -> 45689 | D66: =D54 -> 45716 | E66: 1787.5757 | F66: =B66&"_"&YEAR(C66)&"_"&MONTH(C66) -> 222708006_2025_2 | G66: =VLOOKUP(F66,'Existing PBE'!A:C,2,FALSE) -> 01uPv000006s2GSIAY
B67: 222708006 | C67: =C55 -> 45717 | D67: =D55 -> 45747 | E67: 1796.4441 | F67: =B67&"_"&YEAR(C67)&"_"&MONTH(C67) -> 222708006_2025_3 | G67: =VLOOKUP(F67,'Existing PBE'!A:C,2,FALSE) -> 01uPv0000060bNZIAY
B68: 222708006 | C68: =C56 -> 45748 | D68: =D56 -> 45777 | E68: 1805.0683 | F68: =B68&"_"&YEAR(C68)&"_"&MONTH(C68) -> 222708006_2025_4 | G68: =VLOOKUP(F68,'Existing PBE'!A:C,2,FALSE) -> 01uPv0000060bNaIAI
B69: 222708006 | C69: =C57 -> 45778 | D69: =D57 -> 45808 | E69: 1814.0235 | F69: =B69&"_"&YEAR(C69)&"_"&MONTH(C69) -> 222708006_2025_5 | G69: =VLOOKUP(F69,'Existing PBE'!A:C,2,FALSE) -> 01uPv0000060bNbIAI
B70: 222708006 | C70: =C58 -> 45809 | D70: =D58 -> 45838 | E70: 1822.7321 | F70: =B70&"_"&YEAR(C70)&"_"&MONTH(C70) -> 222708006_2025_6 | G70: =VLOOKUP(F70,'Existing PBE'!A:C,2,FALSE) -> 01uPv0000060bNcIAI
B71: 222708006 | C71: =C59 -> 45839 | D71: =D59 -> 45869 | E71: 1831.7749 | F71: =B71&"_"&YEAR(C71)&"_"&MONTH(C71) -> 222708006_2025_7 | G71: =VLOOKUP(F71,'Existing PBE'!A:C,2,FALSE) -> 01uPv0000060bNdIAI
B72: 222708006 | C72: =C60 -> 45870 | D72: =D60 -> 45900 | E72: 1840.8625 | F72: =B72&"_"&YEAR(C72)&"_"&MONTH(C72) -> 222708006_2025_8 | G72: =VLOOKUP(F72,'Existing PBE'!A:C,2,FALSE) -> 01uPv0000060bNeIAI
B73: 222708006 | C73: =C61 -> 45901 | D73: =D61 -> 45930 | E73: 1849.7 | F73: =B73&"_"&YEAR(C73)&"_"&MONTH(C73) -> 222708006_2025_9 | G73: =VLOOKUP(F73,'Existing PBE'!A:C,2,FALSE) -> 01uPv0000060bNfIAI
A74: =A62+1 -> 7 | B74: 222708007 | C74: =C62 -> 45566 | D74: =D62 -> 45596 | E74: 1301.4247 | F74: =B74&"_"&YEAR(C74)&"_"&MONTH(C74) -> 222708007_2024_10 | G74: =VLOOKUP(F74,'Existing PBE'!A:C,2,FALSE) -> #N/A
B75: 222708007 | C75: =C63 -> 45597 | D75: =D63 -> 45626 | E75: 1307.6724 | F75: =B75&"_"&YEAR(C75)&"_"&MONTH(C75) -> 222708007_2024_11 | G75: =VLOOKUP(F75,'Existing PBE'!A:C,2,FALSE) -> #N/A
B76: 222708007 | C76: =C64 -> 45627 | D76: =D64 -> 45657 | E76: 1314.16 | F76: =B76&"_"&YEAR(C76)&"_"&MONTH(C76) -> 222708007_2024_12 | G76: =VLOOKUP(F76,'Existing PBE'!A:C,2,FALSE) -> #N/A
B77: 222708007 | C77: =C65 -> 45658 | D77: =D65 -> 45688 | E77: 1320.6797 | F77: =B77&"_"&YEAR(C77)&"_"&MONTH(C77) -> 222708007_2025_1 | G77: =VLOOKUP(F77,'Existing PBE'!A:C,2,FALSE) -> #N/A
B78: 222708007 | C78: =C66 -> 45689 | D78: =D66 -> 45716 | E78: 1326.5963 | F78: =B78&"_"&YEAR(C78)&"_"&MONTH(C78) -> 222708007_2025_2 | G78: =VLOOKUP(F78,'Existing PBE'!A:C,2,FALSE) -> 01uPv000006s2EiIAI
B79: 222708007 | C79: =C67 -> 45717 | D79: =D67 -> 45747 | E79: 1333.1777 | F79: =B79&"_"&YEAR(C79)&"_"&MONTH(C79) -> 222708007_2025_3 | G79: =VLOOKUP(F79,'Existing PBE'!A:C,2,FALSE) -> 01uPv0000060ZvfIAE
B80: 222708007 | C80: =C68 -> 45748 | D80: =D68 -> 45777 | E80: 1339.5779 | F80: =B80&"_"&YEAR(C80)&"_"&MONTH(C80) -> 222708007_2025_4 | G80: =VLOOKUP(F80,'Existing PBE'!A:C,2,FALSE) -> 01uPv0000060ZvgIAE
B81: 222708007 | C81: =C69 -> 45778 | D81: =D69 -> 45808 | E81: 1346.2237 | F81: =B81&"_"&YEAR(C81)&"_"&MONTH(C81) -> 222708007_2025_5 | G81: =VLOOKUP(F81,'Existing PBE'!A:C,2,FALSE) -> 01uPv0000060ZvhIAE
B82: 222708007 | C82: =C70 -> 45809 | D82: =D70 -> 45838 | E82: 1352.6865 | F82: =B82&"_"&YEAR(C82)&"_"&MONTH(C82) -> 222708007_2025_6 | G82: =VLOOKUP(F82,'Existing PBE'!A:C,2,FALSE) -> 01uPv0000060ZviIAE
B83: 222708007 | C83: =C71 -> 45839 | D83: =D71 -> 45869 | E83: 1359.3974 | F83: =B83&"_"&YEAR(C83)&"_"&MONTH(C83) -> 222708007_2025_7 | G83: =VLOOKUP(F83,'Existing PBE'!A:C,2,FALSE) -> 01uPv0000060ZvjIAE
B84: 222708007 | C84: =C72 -> 45870 | D84: =D72 -> 45900 | E84: 1366.1415 | F84: =B84&"_"&YEAR(C84)&"_"&MONTH(C84) -> 222708007_2025_8 | G84: =VLOOKUP(F84,'Existing PBE'!A:C,2,FALSE) -> 01uPv0000060ZvkIAE
B85: 222708007 | C85: =C73 -> 45901 | D85: =D73 -> 45930 | E85: 1372.7 | F85: =B85&"_"&YEAR(C85)&"_"&MONTH(C85) -> 222708007_2025_9 | G85: =VLOOKUP(F85,'Existing PBE'!A:C,2,FALSE) -> 01uPv0000060ZvlIAE
A86: =A74+1 -> 8 | B86: 222708008 | C86: =C74 -> 45566 | D86: =D74 -> 45596 | E86: 1341.6231 | F86: =B86&"_"&YEAR(C86)&"_"&MONTH(C86) -> 222708008_2024_10 | G86: =VLOOKUP(F86,'Existing PBE'!A:C,2,FALSE) -> #N/A
B87: 222708008 | C87: =C75 -> 45597 | D87: =D75 -> 45626 | E87: 1348.0639 | F87: =B87&"_"&YEAR(C87)&"_"&MONTH(C87) -> 222708008_2024_11 | G87: =VLOOKUP(F87,'Existing PBE'!A:C,2,FALSE) -> #N/A
B88: 222708008 | C88: =C76 -> 45627 | D88: =D76 -> 45657 | E88: 1354.7518 | F88: =B88&"_"&YEAR(C88)&"_"&MONTH(C88) -> 222708008_2024_12 | G88: =VLOOKUP(F88,'Existing PBE'!A:C,2,FALSE) -> #N/A
B89: 222708008 | C89: =C77 -> 45658 | D89: =D77 -> 45688 | E89: 1361.4729 | F89: =B89&"_"&YEAR(C89)&"_"&MONTH(C89) -> 222708008_2025_1 | G89: =VLOOKUP(F89,'Existing PBE'!A:C,2,FALSE) -> #N/A
B90: 222708008 | C90: =C78 -> 45689 | D90: =D78 -> 45716 | E90: 1367.5722 | F90: =B90&"_"&YEAR(C90)&"_"&MONTH(C90) -> 222708008_2025_2 | G90: =VLOOKUP(F90,'Existing PBE'!A:C,2,FALSE) -> 01uPv000006s2GPIAY
B91: 222708008 | C91: =C79 -> 45717 | D91: =D79 -> 45747 | E91: 1374.3569 | F91: =B91&"_"&YEAR(C91)&"_"&MONTH(C91) -> 222708008_2025_3 | G91: =VLOOKUP(F91,'Existing PBE'!A:C,2,FALSE) -> 01uPv0000060bKsIAI
B92: 222708008 | C92: =C80 -> 45748 | D92: =D80 -> 45777 | E92: 1380.9548 | F92: =B92&"_"&YEAR(C92)&"_"&MONTH(C92) -> 222708008_2025_4 | G92: =VLOOKUP(F92,'Existing PBE'!A:C,2,FALSE) -> 01uPv0000060bKtIAI
B93: 222708008 | C93: =C81 -> 45778 | D93: =D81 -> 45808 | E93: 1387.8059 | F93: =B93&"_"&YEAR(C93)&"_"&MONTH(C93) -> 222708008_2025_5 | G93: =VLOOKUP(F93,'Existing PBE'!A:C,2,FALSE) -> 01uPv0000060bKuIAI
B94: 222708008 | C94: =C82 -> 45809 | D94: =D82 -> 45838 | E94: 1394.4684 | F94: =B94&"_"&YEAR(C94)&"_"&MONTH(C94) -> 222708008_2025_6 | G94: =VLOOKUP(F94,'Existing PBE'!A:C,2,FALSE) -> 01uPv0000060bKvIAI
B95: 222708008 | C95: =C83 -> 45839 | D95: =D83 -> 45869 | E95: 1401.3865 | F95: =B95&"_"&YEAR(C95)&"_"&MONTH(C95) -> 222708008_2025_7 | G95: =VLOOKUP(F95,'Existing PBE'!A:C,2,FALSE) -> 01uPv0000060bKwIAI
B96: 222708008 | C96: =C84 -> 45870 | D96: =D84 -> 45900 | E96: 1408.339 | F96: =B96&"_"&YEAR(C96)&"_"&MONTH(C96) -> 222708008_2025_8 | G96: =VLOOKUP(F96,'Existing PBE'!A:C,2,FALSE) -> 01uPv0000060bKxIAI
B97: 222708008 | C97: =C85 -> 45901 | D97: =D85 -> 45930 | E97: 1415.1 | F97: =B97&"_"&YEAR(C97)&"_"&MONTH(C97) -> 222708008_2025_9 | G97: =VLOOKUP(F97,'Existing PBE'!A:C,2,FALSE) -> 01uPv0000060bKyIAI
A98: =A86+1 -> 9 | B98: 222708009 | C98: =C86 -> 45566 | D98: =D86 -> 45596 | E98: 1306.4495 | F98: =B98&"_"&YEAR(C98)&"_"&MONTH(C98) -> 222708009_2024_10 | G98: =VLOOKUP(F98,'Existing PBE'!A:C,2,FALSE) -> #N/A
B99: 222708009 | C99: =C87 -> 45597 | D99: =D87 -> 45626 | E99: 1312.7214 | F99: =B99&"_"&YEAR(C99)&"_"&MONTH(C99) -> 222708009_2024_11 | G99: =VLOOKUP(F99,'Existing PBE'!A:C,2,FALSE) -> #N/A
B100: 222708009 | C100: =C88 -> 45627 | D100: =D88 -> 45657 | E100: 1319.2339 | F100: =B100&"_"&YEAR(C100)&"_"&MONTH(C100) -> 222708009_2024_12 | G100: =VLOOKUP(F100,'Existing PBE'!A:C,2,FALSE) -> #N/A
...
